:020000040800F2
:10000000781A0020794600087530000883460008F9
:10001000773000087B3000087F30000800000000C7
:100020000000000000000000000000008330000815
:1000300085300008000000008F4600085531000898
:10004000934600089346000893460008934600082C
:10005000934600089346000893460008934600081C
:10006000934600089346000893460008934600080C
:1000700093460008934600089346000893460008FC
:1000800093460008934600089346000893460008EC
:1000900093460008934600089346000887300008FE
:1000A00093460008934600089346000893460008CC
:1000B0009346000899300008A130000893460008D4
:1000C00093460008934600089346000893460008AC
:1000D00093460008BD300008C5300008CD30000848
:1000E000934600089346000893460008934600088C
:1000F000934600089346000893460008934600087C
:10010000934600089346000893460008934600086B
:10011000D5300008DD30000893460008A330000801
:10012000934600089346000893460008934600084B
:10013000934600089346000893460008934600083B
:10014000934600089346000893460008934600082B
:10015000934600089346000893460008E5300008DF
:10016000934600089346000893460008934600080B
:1001700093460008934600089346000893460008FB
:100180009346000893460008DFF810D00CF090FC6E
:1001900000480047A5010008AFF30080781A00204E
:1001A00000BFFEE701F054FD00F00EF801E000F0A2
:1001B00031F8FCE7704770477047704710B500F0A2
:1001C0000AF910BD70477047002000BF1FE000EB28
:1001D0004001234A02EB810189884FF47A7292FB35
:1001E000F1F100EB40021E4B03EB8202D18000EBE9
:1001F00040011A4602EB8101C988012905DA012173
:1002000000EB400203EB8202D180411CC8B20728F8
:10021000DDD3704770B5002400BF1EE002F0A4FFDC
:10022000054604EB44000E4901EB80008068281A63
:1002300004EB44010A4A02EB8101C98888420AD3CF
:1002400004EB4400114601EB8000856004EB44019F
:1002500052F821008047601CC4B2072CDED370BD69
:10026000000000209FEDFB0AFB4880ED030A9FED94
:10027000F90A80ED040A9FEDF70A80ED050A704740
:10028000B0EE401AF0EE410AF8EE003AF4EEE30A5E
:10029000F1EE10FA0ADDF0EE003AF4EEE30AF1EEC8
:1002A00010FA03D2DFEDEB3AF0EE630AEA48D0ED44
:1002B000003A63EEA01AD0ED033A73EEA03AC0ED17
:1002C000033AD0ED033AB3EE0E4AF4EEC43AF1EE3F
:1002D00010FA03DDF3EE0E3AC0ED033ADE48D0ED3E
:1002E000033ABBEE0E4AF4EEC43AF1EE10FA03D232
:1002F000FBEE0E3AC0ED033AD748D0ED013A90ED4F
:10030000034A23EE842AD0ED043A30EEE33AC0EDFE
:10031000040AD0ED023A63EE832A71EE823A33EE9C
:10032000A20AF3EE0E3AB4EEE30AF1EE10FA03DDA0
:10033000F3EE0E3AB0EE630AFBEE0E3AB4EEE30AC9
:10034000F1EE10FA03D2FBEE0E3AB0EE630AC248A9
:1003500080ED050A704710B52DED028BBF4800886F
:10036000642807DABD4800881430BC490880BDEC19
:10037000028B10BD0020B9490880B948007820B927
:10038000FFF770FF01F0CBF9F1E7B648B0F90000D4
:1003900000EE100AB8EEC00AFFF772FFB0EE408A16
:1003A000B7EE000AB4EEC08AF1EE10FA01DD5A246D
:1003B0000AE0BFEE000AB4EEC08AF1EE10FA02D2F3
:1003C0004FF4877400E0002422461E21052001F02E
:1003D00057FA00BFCBE710B5A34890F838000028C3
:1003E00070D1A148B0F9440040F2145188420FDDA9
:1003F0009D48B0F9440040F2A461884208DA9B4865
:10040000007840B9642001F050F99849087002E082
:100410000020964908709448B0F94400B0F5487F30
:100420000DDD9148B0F94400B0F5966F07DA9048B9
:10043000007838B901F05AF98D49087002E00020BF
:100440008B4908708848B0F9440040F2A4618842A2
:100450001CDD8548B0F9440040F69801884215DA61
:1004600084480078A8B90120824908708249087040
:1004700000208249088082490870824908708249B8
:10048000087082490870FFF7EDFE02E0002079490C
:10049000087078480078012876D1774800780B28D2
:1004A00073D2DFE800F0720610182A364B5F86C25E
:1004B000FD00032001F0B8F86F49097808446E493F
:1004C00008704EE15DE101F077F86B490978084466
:1004D0006949087045E169480088B0F5FA6F05DAA6
:1004E0006648008814306549088005E000206349AB
:1004F000088004206049087033E1032064490870D3
:10050000642001F0D2F85C49097808445A4908701F
:1005100027E15A48008841F28831884205DA574875
:10052000008814305549088007E0002053490880AE
:10053000FFF798FE06205049087012E10120544947
:100540000870FFF708FF53480078012809D1FFF72A
:1005500089FE00204949088049490870072046491A
:100560000870FEE004204A4908704B48007868B9DA
:1005700000221E210A2001F083F90120464908705B
:1005800000203E49088013E0ECE0DAE03B480088B8
:10059000642805DA3948008814303849088007E0B3
:1005A0000020364908803649087008203249087012
:1005B000D7E008203649087038480078022803D070
:1005C0003648007803282CD12D48007838B93348B4
:1005D00000782C49087001202949087012E02F4842
:1005E000007828490978884205D125480078401CC0
:1005F0002349087006E02948007822490870012044
:100600001F4908701E48007803280DDB00201C4994
:1006100008701A4908801C4908700920164908709A
:1006200002E00020164908709BE017480078C0BB24
:1006300014480078022835D1154908701E215A2027
:1006400001F086F8012875D10F49087000200B4988
:1006500008806FE000000000540000206C000020C3
:100660009001002094010020A00900206E000020CD
:100670006F00002070000020710000207200002038
:100680007400002075000020760000207900002012
:1006900078000020920100207700002091010020C6
:1006A00049E01FE03748007803280ED1052036497D
:1006B00008701E215A2001F095F801283AD13349DB
:1006C000087000203249088034E000202F4908706B
:1006D000304908702B4908702F49087006202F49AF
:1006E000087027E02A48008842F21071884205DA33
:1006F000274800881430264908801BE00020244940
:1007000008802249087026480078401C2449087057
:10071000FFF7A8FD00201B4908701F4908702048FA
:100720000078042803DB0A201C49087002E0062038
:100730001A49087015E006201349087000F0D6FF2A
:100740000FE0002015490870114908801149087010
:100750000C4908700D49087011490870FFF782FDB7
:1007600000BF0EE000200D490870094908800949C2
:100770000870044908700549087009490870FFF7B6
:1007800071FD10BD7500002078000020760000206B
:10079000720000207400002077000020710000200B
:1007A00079000020FF20F94981F84E006421F748C4
:1007B000A0F850100121A0F85210FF20F34981F851
:1007C00080011421F148A0F882110021A0F88411C1
:1007D000FF20EE4981F82001C821EC48A0F8221141
:1007E0000021A0F82411FF20E84981F832010021FE
:1007F000E648A0F83411A0F83611FF20E34981F84B
:1008000038010021E148A0F83A11A0F83C11FF207E
:10081000DE4981F886010021DC48A0F88811A0F8A3
:100820008A11FF20D94981F840050021D748A0F856
:100830004215A0F84415FF20D44981F84C05002149
:10084000D248A0F84E15A0F85015FF20CF4981F8E6
:100850003E016421CD48A0F840110021A0F84211CA
:10086000704770B504460D462946204603F059FEF0
:1008700070BDC64A10700122C44B5A707047C34AFB
:1008800082F84C05012382F84D3570472DE9F0417F
:1008900004460D4600260027E178A81F814201D0BA
:1008A000BDE8F081002006E0215C3144CEB2B919E8
:1008B000CFB2411CC8B2A91E8142F5DC601910F804
:1008C000020CB04204D1601910F8010CB84200D0FB
:1008D000E6E72078AA2805D16078612803D06078FF
:1008E000FF2800D0DCE7A078202811D1A088A849F3
:1008F0000880E0884880208988806089C880A08935
:100900000881E0894881208A8881608AC881AEE0B8
:10091000A0780F280DD1207940B29E4908706079E7
:1009200040B24870A07940B28870E07940B2C87097
:100930009DE0A07806280CD120799749487060790D
:10094000C870A0790871E17993484171217A817169
:100950008DE0A07807280AD1002005E0211D095C60
:100960008E4A1154411CC8B20628F7DB7FE0A078FC
:1009700003280AD1002005E0211D095C884A115492
:10098000411CC8B20728F7DB71E0A07803280AD120
:10099000002005E0211D095C824A1154411CC8B2A7
:1009A0000928F7DB63E0A078012860D0A078E02870
:1009B0001ED12079012806D0022805D0102804D0A5
:1009C000112804D102E003E002E001E000E000BFF2
:1009D00000BF20796D4981F80C06084680F80D6645
:1009E00080F80E7600F20C61AF20FFF742FF3EE088
:1009F000A078B0B9654890F80F062179884236D1C1
:100A0000624890F810066179884230D15F4890F8CA
:100A10001106A17988422AD100205C4981F800069C
:100A200025E0A078E12811D12179607901EB00203F
:100A30001FFA80F85548A0F814860021C0F818164F
:100A400000F21461FF20FFF71AFF10E0A078E228FF
:100A50000DD120794D4981F80C06084680F80D66C5
:100A600080F80E7600F20C61FF20FFF702FF00BF56
:100A700016E710B504464C48007838B9AA2C05D1C1
:100A80000120494908704948047072E046480078DE
:100A9000012809D1612C01D0FF2C05D10220424947
:100AA00008704248447064E03F480078022805D14D
:100AB00003203D4908703D4884705AE03A48007868
:100AC00003280CD1FA2C0ADA042037490870374879
:100AD000C4703748047000203649087049E0324835
:100AE0000078042819D132480078002815DD3048F4
:100AF0000078401E2E4908702E4800782D4909784C
:100B0000491C2C4A1170001D28490C5428480078B3
:100B100058BB0520244908702BE02348007805289D
:100B20000DD1062020490870224800782149097813
:100B3000491C204A1170001D1C490C5419E01A4828
:100B40000078062812D1002017490870194800784B
:100B5000001D16490C5417480078401D16490870AE
:100B6000084601781148FFF791FE02E000200E4987
:100B7000087010BD7CB50346342B75D023DC0D2BDB
:100B800044D01BDC63B3092B6FD160E0100200205E
:100B90003A09002080010020940900208D000020E7
:100BA000860000204A090020800000202C08002038
:100BB0007E0000207F0000207C000020302B32D0FF
:100BC000332BE1D152E0412B7BD004DC352B76D0A6
:100BD000402BD9D165E0E02B72D0E22BD4D191E04B
:100BE000F04890F80C460D78681C08705455ED4894
:100BF00090F80D460D78681C08705455E94890F837
:100C00000E460D78681C08705455BFE0002007E0C0
:100C1000E54C255C0E78741C0C709555441CE0B2B4
:100C20000428F5DBB2E0002008E0E04D041D2D5D56
:100C30000E78741C0C709555441CE0B21728F4DB38
:100C4000DB480078D075DB480078D0739EE0002048
:100C500007E0D74C25780E78741C0C709555441C11
:100C6000E0B20E28F5DB91E00DE08EE0002007E019
:100C7000D14C255C0E78741C0C709555441CE0B268
:100C80000628F5DB82E0002008E0CB4C1234255C1E
:100C90000E78741C0C709555441CE0B20728F4DBE8
:100CA00074E0002007E0C54C255C0E78741C0C70C5
:100CB0009555441CE0B21428F5DB67E001E04FE0F5
:100CC0000CE0002007E0BE4C255C0E78741C0C7014
:100CD0009555441CE0B20E28F5DB57E0B14890F87A
:100CE00001460D78681C08705455002007E0B54C8B
:100CF000255C0E78741C0C709555441CE0B20A28D3
:100D0000F5DB43E0A748B0F8140600B201909DF867
:100D100004400D78681C087054559DF805400D7806
:100D2000681C087054559F48D0F8180600909DF82C
:100D300000400D78681C087054559DF801400D78EE
:100D4000681C087054559DF802400D78681C0870A6
:100D500054559DF803400D78681C0870545515E0F3
:100D600001240D78681C0870545502240D78681C05
:100D70000870545503240D78681C087054550424D9
:100D80000D78681C0870545500E000BF00BF7CBDA2
:100D9000F8B504460F4600200090AA219DF80020D7
:100DA000501CC0B200908848815439789DF80020CA
:100DB000501CC0B20090844881549DF80010481C1B
:100DC000C0B200908048445400219DF80020501C7F
:100DD000C0B200907C488154024669462046FFF725
:100DE000C9FE9DF80000001F7749C8700025002645
:100DF000002007E07449095C2944CDB27119CEB2D4
:100E0000411CC8B29DF800108842F3DB9DF8001029
:100E1000481CC0B200906C4845549DF80010481C16
:100E2000C0B20090684846545E4890F8000640B151
:100E3000E02C06D15B4880F80F4680F8105680F809
:100E400011669DF800106048FFF70BFDF8BD10B566
:100E5000044604EB4400534901EB4000408828B3AA
:100E600004EB440001EB4000808804EB44014D4A50
:100E700002EB4101498888420CDA04EB4400114638
:100E800001EB40008088401C04EB440102EB41016F
:100E900088800BE0012004EB4401424A02EB41014F
:100EA000888004EB440102EB4101487004EB4400EC
:100EB0003C4901EB4000407868B1002004EB44015C
:100EC000384A02EB4101487004EB440002EB400158
:100ED0002046FFF75DFF10BD324A82F8400501232E
:100EE00082F8413501222F4B83F80026704710B558
:100EF0002DED028BB0EE408A00F026F80121294842
:100F000080F8211131480078012805D13020FFF701
:100F10009EFF00202D4908703320FFF798FF3420F2
:100F2000FFF795FF4020FFF792FF4120FFF78FFF6B
:100F3000E020FFF78CFFE220FFF789FF0D20FFF78D
:100F400086FFBDEC028B10BD164890F80006012804
:100F500021D11F480078322805DA1D480078401C4E
:100F60001B4908701CE000201949087019480078D6
:100F7000401C1849087008460078052804DA012149
:100F8000084880F841150BE0002012490870054917
:100F900081F8000604E000200D4908700D49087032
:100FA0007047000010020020820000207C0F00200B
:100FB000780000207900002064090020DA09002070
:100FC0002C09002012080020DC0100209D010020D7
:100FD000810000207D00002000B52DED028B85B042
:100FE000B0EE408AF64890F8390000287BD1F448EA
:100FF000B0F94200B0F5966F14DAF148B0F9440048
:1010000040F2A461884206DA012000F00DFB0120C5
:10101000EC49087026E0032000F006FB0320E949B4
:1010200008701FE0E648B0F9420040F2A46188422F
:1010300012DAE348B0F94400884206DA022000F0F0
:10104000F3FA0220DF4908700CE0032000F0ECFA0C
:101050000320DC49087005E0032000F0E5FA0320D6
:10106000D8490870D7484078D649097888420BD0CB
:10107000D4480078D349487008460078032803D143
:1010800008468078401C8870CE488078E8B1CE4809
:101090000088B0F5FA6F10DACB48008800EE100A2D
:1010A000B8EE400ADFEDC90A00EE880ABCEEC00ABD
:1010B00010EE100AC449088007E0002020B100218A
:1010C000C14A1180BF4A917000BFBD48B0F93A00D3
:1010D000A0F2DC5000EE900AF8EEE00AB0EE600AF2
:1010E0009FEDBB1A00E092E0DFEDBA0A01F014FABE
:1010F0008DED010AB248B0F93C00A0F2DC5000EEE0
:10110000900AF8EEE00AB0EE600A9FEDB11ADFED4A
:10111000B10A01F001FA8DED020AA948B0F93E00CA
:10112000A0F2DC5000EE900AF8EEE00AB0EE600AA1
:101130009FEDA91ADFEDA70A01F0EEF98DED030A84
:101140009F48B0F94000A0F2DC5000EE900AF8EEA3
:10115000E00AB0EE600A9FEDA01ADFED9E0A01F0F2
:10116000DBF98DED040A9D48007858B19FED990A8E
:101170008DED010A9FED970A8DED020A9FED950A0C
:101180008DED040A9DED010ADFED950A20EE200A9F
:10119000DFED940A20EE200ABDEEC00A10EE100A20
:1011A00000B2914908809DED020AB1EE400ADFEDE0
:1011B0008C0A20EE200ADFED8B0A20EE200ABDEE1D
:1011C000C00A10EE100A00B248807D48C08FA0F51A
:1011D0007A7000B288809DED040AB1EE400ADFED1E
:1011E000830A20EE200ADFED820A20EE200ABDEEFF
:1011F000C00A10EE100A00B2C88001217D4880F8B4
:10120000871100207C4908707C4908701EE07C48EA
:10121000C07878B17848007828B9032000F004FA43
:101220007549087006E07548007818B900F024FA8E
:101230007249087000206C49088048804FF4AF70F4
:1012400088800020C88088814881088105B0BDEC75
:10125000028B00BD10B504466A48008800EE100AF3
:10126000B8EE400ADFED680A20EE200ABDEEC00AA3
:1012700010EE100A00B2654908806248408800EE0E
:10128000100AB8EE400ADFED600A20EE200ABDEE3B
:10129000C00A10EE100A00B248805A48808800EE5A
:1012A000100AB8EE400ADFED580A20EE200ABDEE23
:1012B000C00A10EE100A00B288805248C08800EEC2
:1012C000100AB8EE400ADFED500A20EE200ABDEE0B
:1012D000C00A10EE100A00B2C8804A48008900EE29
:1012E000100AB8EE400ADFED480A20EE200ABDEEF3
:1012F000C00A10EE100A00B208814248408900EE90
:10130000100AB8EE400ADFED400A20EE200ABDEEDA
:10131000C00A10EE100A00B248813A48808900EEF7
:10132000100AB8EE400ADFED380A20EE200ABDEEC2
:10133000C00A10EE100A00B288813248C08900EE5F
:10134000100AB8EE400ADFED300A20EE200ABDEEAA
:10135000C00A10EE100A00B2C8812D48007818B9F2
:1013600001202B49087027E0E4B1002017E027494D
:1013700031F91010002901DC00210BE0234931F97B
:101380001010B1F57A7F02DD4FF47A7102E01F4947
:1013900031F910101D4A22F81010411CC8B208285B
:1013A000E5DB09E0002005E00021184A22F81010D2
:1013B000411CC8B20828F7DB144802F0E8F910BD58
:1013C000A0090020950000209800002000007A4429
:1013D00000002042000000000000A042A600002003
:1013E0008F360E3B00C05A452C090020C6F91B3B26
:1013F00000004843100200209300002094000020C9
:10140000940900203A090020CDCCCC3D540900209D
:101410009A00002010B501F079FFDFED290A20EED7
:10142000200ABCEEC00A10EE100A2649088010BD42
:1014300010B525480088401C2349088008460088CC
:101440000A2190FBF1F201FB12001F4908800846B7
:10145000008810BB9FED1D0A00F0C3FD9FED1B0A25
:10146000FFF7BAFD9FED190A00F0CCFB9FED170ABC
:1014700001F08CFA14484088401C13494880084603
:1014800040880A2190FBF1F201FB12000E494880CE
:101490000846408808B9FFF7BDFF03F0C1F80120F6
:1014A00001F014FC9FED0A0A00F014F89FED080A01
:1014B000FFF71DFD0120FFF7CDFE01F0C8FF10BDB5
:1014C0000000C842820000209C0000200AD7233C74
:1014D0006F12833A10B52DED028BB0EE408A00F00A
:1014E00020F800BF2D4840782D490978884214D053
:1014F0002A4840782A49087000202A4988744FF405
:1015000087712848A0F813102448C1692548C0F8FD
:1015100015100121244880F8391100BFBDEC028B61
:1015200010BD22480078FF2804D020480078401CD5
:101530001E490870194800781D490978884216D05C
:10154000164800781A4908701448007A50B11348B8
:10155000C07838B111484089124908800F48808905
:10156000488004E04FF400400E49088048800B4852
:1015700040781049097888420ED0084840780D49D3
:1015800008704FF40040074988800121064880F820
:101590003311002005490870704700000C0A002034
:1015A000A30000206409002010020020A2000020F7
:1015B000A0000020A100002010B50120FA49887089
:1015C000FA4890F8000688B91020F84981F8010619
:1015D0000021F64880F80216012180F8031600F277
:1015E0000161FF20FFF778FC012010BD0020FCE71F
:1015F00010B50020EC498870EC4890F8000688B9D6
:101600001020EA4981F801060021E84880F8021616
:10161000022180F8031600F20161FF20FFF75CFC55
:10162000012010BD0020FCE710B50446E04800781A
:10163000A0421FD0DD4890F80006C8B9DA4804700F
:10164000DB4804700120D94981F801060121D748FF
:1016500080F8021680F80316D3480178D34880F842
:10166000041600F20161FF20FFF736FC012010BDD7
:101670000020FCE70120FAE710B5CC4890F80006FE
:1016800088B91020C94981F801060021C74880F8AF
:101690000216072180F8031600F20161FF20FFF710
:1016A0001BFC012010BD0020FCE701B5BF4890F8ED
:1016B0000006C8B91020BD4981F801060021BB48C9
:1016C00080F80216052180F803169DF8001080F8B6
:1016D00004169DF8011080F8051600F20161FF2044
:1016E000FFF7FAFB012008BD0020FCE710B5AF486A
:1016F00090F8000688B91020AC4981F80106002155
:10170000AA4880F80216062180F8031600F201614B
:10171000FF20FFF7E1FB012010BD0020FCE710B522
:10172000A24890F8000688B91020A04981F8010667
:1017300000219E4880F80216042180F8031600F26A
:101740000161FF20FFF7C8FB012010BD0020FCE76E
:1017500013B5BDF80000B0F5B47F05DBBDF800009F
:10176000A0F5B47080B20090BDF80000002805DA42
:10177000BDF8000000F5B47080B20090BDF8040020
:10178000002801DA00201CBDBDF80400052801DA9C
:1017900005200190854890F8000608BB1020834979
:1017A00081F801060221814880F80216072180F89D
:1017B00003169DF8001080F804169DF8011080F8BB
:1017C00005169DF8041080F806169DF8051080F89F
:1017D000071600F20161FF20FFF77EFB0120D2E730
:1017E0000020D0E713B5BDF80000B0F5B47F09DBE9
:1017F000BDF800004FF4B47190FBF1F201FB120050
:1018000080B20090BDF80000002805DABDF80000A5
:1018100000F5B47080B20090BDF80400002801DA31
:1018200000201CBDBDF80400052801DA0520019048
:101830005E4890F8000608BB10205C4981F801065C
:1018400002215A4880F80216082180F803169DF8F4
:10185000001080F804169DF8011080F805169DF818
:10186000041080F806169DF8051080F8071600F29F
:101870000161FF20FFF730FB0120D2E70020D0E715
:1018800007B54A4890F8000648BB1020474981F840
:1018900001060221454880F80216032180F803164C
:1018A0009DF8001080F804169DF8011080F80516C8
:1018B0009DF8041080F806169DF8051080F80716AC
:1018C0009DF8081080F808169DF8091080F8091690
:1018D00000F20161FF20FFF7FFFA01200EBD00209A
:1018E000FCE710B5314890F8000688B901202F496F
:1018F00081F8010600212D4880F80216032180F8A6
:10190000031600F20161FF20FFF7E6FA012010BD87
:101910000020FCE710B5254890F8000688B90120A2
:10192000224981F801060021204880F8021604218E
:1019300080F8031600F20161FF20FFF7CDFA0120C5
:1019400010BD0020FCE710B5184890F8000688B9D3
:101950000120164981F801060021144880F802167A
:10196000052180F8031600F20161FF20FFF7B4FAA9
:10197000012010BD0020FCE710B50C4890F80006CF
:10198000C0B90120094981F801060021074880F803
:101990000216022180F8031600F20161FF20FFF712
:1019A0009BFA012010BD00009409002010020020C5
:1019B000A40000200020F5E710B504469848B0F9CF
:1019C0004000B0F5AF6F0BDD9548B0F94000B0F5C1
:1019D000C86F05DA0120934948709349087002E006
:1019E0000020904948708E48B0F93E00B0F5966FDF
:1019F00006DA8C48407818B901208A49087002E05C
:101A00000020884908708848007801284AD1874812
:101A1000C078002853D18248B0F93A0040F26C7186
:101A2000884210DD7E48B0F93C0040F24C418842CB
:101A300009DA7B48B0F93E00884204DA7848B0F908
:101A40004000884217DB7648B0F9400040F26C71E4
:101A5000884230DD7248B0F93C0040F24C41884287
:101A600029DA6F48B0F93E00884224DA6C48B0F9B0
:101A70003A0088421FDA6E480088B0F57A7F12DAA1
:101A8000D4ED000A6A48008800EE100AB8EE400A59
:101A90009FED681A00EE810ABCEEC00A10EE100A33
:101AA0006349088062E0FFF787FD002060490880F5
:101AB0005D4908705AE000205D49088056E05B48A7
:101AC000C078012852D15648B0F93A0040F26C7102
:101AD000884210DD5248B0F93C0040F24C41884247
:101AE00009DA4F48B0F93E00884204DA4C48B0F9B0
:101AF0004000884217DB4A48B0F9400040F26C7160
:101B0000884230DD4648B0F93C0040F24C41884202
:101B100029DA4348B0F93E00884224DA4048B0F957
:101B20003A0088421FDA42480088B0F5967F12DA00
:101B3000D4ED000A3E48008800EE100AB8EE400AD4
:101B40009FED3C1A00EE810ABCEEC00A10EE100AAE
:101B5000374908800AE0FFF74BFD00203449088030
:101B60003149087002E000203149088010BD10B5ED
:101B70002E48C078002844D12948B0F9400040F2EE
:101B80004C41884217DA2648B0F93C00884212DA04
:101B90002348B0F93E0088420DDA2148B0F93A00F6
:101BA000884208DA2448007838BBFFF79AFE012003
:101BB0002149087025E01A48B0F9400040F26C71E4
:101BC00088421BDD1648B0F93C0040F24C41884287
:101BD00014DA1348B0F93E0088420FDA1048B0F921
:101BE0003A0040F26C71884208DD1348007820B951
:101BF000FFF790FE01201049087002E000200E4916
:101C0000087010BD10B52DED020B054890F8390095
:101C100020B96846FFF7D0FEFFF7A9FF1CBD000002
:101C2000A0090020A6000020AA000020940900209E
:101C3000A800002000007A44AB00002010B501F09D
:101C4000F1FD0120F84981F8380081F8390010BD14
:101C500010B501F0C3FA642001F0B4FA01F096FB6C
:101C600001F022FC642001F0ADFAF04802F00DF81A
:101C7000EE4802F004F9ED4802F0CBFAEB4802F02E
:101C8000E5FB642001F09EFAFFF7D8FF01F0EAFAC5
:101C9000642001F097FAFEF785FD4FF4487001F0DB
:101CA00091FA01F0B8F801F0E7FE012010BD40F60E
:101CB000C411884203DDDE490978032903DCDC49CD
:101CC00009780A290DD10021D94A1170D649B1F8F5
:101CD0004E10491CD44AA2F84E10012182F850102F
:101CE00012E0B0F5967F0FDD40F6B83188420BDA8E
:101CF00002B2CD49891CCE4B1B7821F81320CC4968
:101D00000978491CCA4A1170704738B50446C9A001
:101D100000680090C8484068C749086001F027FA89
:101D2000C5494860084640680968401A40F6C41131
:101D3000884202D90020C1490870C0480178007863
:101D4000401CBE4A1070BE48445410460078192802
:101D50007ED1182011460870B94800780F2878D134
:101D6000B748007E38B1B648007EB64A12781DF8F2
:101D700002108842F3D10020B0490870B048407882
:101D8000AF49897801F0070140EA0120A64988821D
:101D9000AB48C0788006400DA949897840EAE10047
:101DA000A149C882A6484079C007400DA4490979D5
:101DB00040EA8100A249C97840EAA1109A49088303
:101DC0009F4880790007400D9D49497940EA6100AC
:101DD000954948839A48C0794006400D98498979C9
:101DE00040EA2110904988839548407A8007400D49
:101DF0009349097A40EA41009149C97940EAE110E2
:101E00008949C8838E48807AC006400D8C49497A3A
:101E100040EAA100844908848948C07AC000884902
:101E2000897A40EA6111804841848548007B844971
:101E3000497B01F0070140EA01207B498884804802
:101E4000807B8006400D7E49497B40EAE10001E04D
:101E500072E067E07449C8847948007CC007400D8F
:101E60007749C97B40EA81007549897B40EAA11026
:101E70006D4908857248407C0007400D7049097C17
:101E800040EA6100684948856D48807C4006400D05
:101E90006B49497C40EA2110634988856848007D88
:101EA0008007400D6649C97C40EA41006449897C4D
:101EB00040EAE1105C49C8856148407DC006400D9C
:101EC0005F49097D40EAA100574908865C48807D4A
:101ED000C0005B49497D40EA61115348418658483A
:101EE000C07D514981F83400084690F8340000F074
:101EF000080040B90846B0F84E00401CA1F84E005A
:101F0000022081F850004F480078401C4D4908706D
:101F10000878C11700EB91718910A0EB8101494A43
:101F2000117009E0002005E0454A411C515C115444
:101F3000411CC8B21828F7DB38BD10B50446D4EDF3
:101F4000000A4148008800EE100AB8EE400A9FEDF2
:101F50003F1A00EE810ABCEEC00A10EE100A3A49A0
:101F6000088008460088B0F57A7F39DD00200880B7
:101F70002D48B0F84E002C49C8860846C08E05286A
:101F800003DA012081F8380003E00020264981F8B7
:101F90003800254890F83800C8B123480078D8B9EF
:101FA0002B480078401C2A490870087800EBD07153
:101FB0004910A0EB4101264A117010460078012813
:101FC00002D101F0B0FC07E001F02CFC04E016485F
:101FD00090F850001449087000201349A1F84E00F1
:101FE00010BD10B52DED020B6846FFF7A6FF0E4899
:101FF00090F8380000286DD10B48007801280DD1E9
:10200000002008E00849891C31F81020383121F8F7
:102010001020411CC8B20A28F4DB37E002480078DF
:10202000022833D100202FE0A009002020A10700C2
:10203000AC00002004142434B0000020B8000020BC
:10204000F2090020B9000020BC00002000007A4402
:10205000BA0000202A4931F91010A1F5806100EE84
:10206000101AF8EEC00A9FED270A9FED271A01EE1D
:10207000200ABDEEC00A10EE101A0AB2204926311D
:1020800021F81020411CC8B20A28E3DB1C48143890
:10209000B0F94200B0F5966F06DD19481438B0F972
:1020A0004200B0F5AF6F0DDB15481438B0F94200AF
:1020B000B0F5C86F0ADD12481438B0F94200B0F527
:1020C000E16F03DA01201149087011E000200F4987
:1020D00008700DE001200D490870002006E0002284
:1020E0000749263121F81020411CC8B20A28F6DB26
:1020F000064800780249143981F839001CBD0000F7
:10210000B40900200080BB442FDD243FBE00002026
:10211000F0EE400AF5EEC00AF1EE10FA02DBB0EE86
:10212000600A7047B1EE600AFBE700B5B0EE403AD6
:10213000B0EE602AB5EEC03AF1EE10FA07D1B5EE76
:10214000C02AF1EE10FA02D19FEDFC1A99E0B0EE30
:10215000430AFFF7DDFFF0EE403AB0EE420AFFF728
:10216000D7FFF0EE402AF4EEE23AF1EE10FA02D296
:1021700083EEA24A01E082EEA34A9FEDF10AB4EE9B
:10218000C04AF1EE10FA02D2F0EE441A2DE0DFED73
:10219000ED0AB6EE000A14EE200AF0EE404ABDEE5B
:1021A000E40A10EE100A00EE100AB8EEC00A34EE8F
:1021B000C00AF0EE404AE44901EB800191ED000ACB
:1021C000F0EE401AE04A411C02EB810191ED000A59
:1021D000114601EB8001D1ED000A70EE600AB0EE0D
:1021E000610A00EEA40AF0EE401AF4EEE32AF1EEE2
:1021F00010FA20DDB5EEC02AF1EE10FA0ADBB5EEDA
:10220000C03AF1EE10FA02DBB0EE611A39E0B1EE3D
:10221000611A36E09FEDCD1AB5EEC03AF1EE10FA34
:1022200004DB31EE610AB0EE401A2AE031EEC10A59
:10223000B0EE401A25E0B5EEC03AF1EE10FA10DB30
:102240009FEDC31AB5EEC02AF1EE10FA04DB31EEB1
:10225000610AB0EE401A14E031EE210AB0EE401AE5
:102260000FE09FEDBC1AB5EEC02AF1EE10FA04DBC8
:1022700031EE210AB0EE401A03E031EE610AB0EE11
:10228000401AB0EE410A00BD00B5B0EE405AF0EE83
:10229000605AF0EE450AB0EE650AFFF746FF00BD52
:1022A000F0EE400AF6EE001A60EEA11AB0EE611AE6
:1022B000B0EE600A10EE100AA749A1EB600000EE34
:1022C000100A21EE002AF7EE081A42EE401A61EEDB
:1022D000801AB0EE610A21EE002AF7EE081A42EEEB
:1022E000401A61EE801AB0EE610A704700B5F0EE58
:1022F000402AB0EE620AFFF7D3FF20EE220A00BDAB
:1023000010B52DED0A8BB0EE409AF0EE609A9FED7D
:10231000930B53EC102B51EC190B0AF0C7FA18D29F
:102320009FED900B53EC102B51EC190B0AF03BFA7C
:1023300041EC1B0B9FED8D0B53EC102B0AF08CF92D
:1023400041EC1A0B53EC192B0AF02DFA41EC180B47
:1023500017E09FED840B53EC102B51EC190B0AF096
:1023600022FA41EC1B0B9FED810B53EC102B0AF072
:1023700017FA41EC1A0B53EC192B0AF014FA41EC42
:10238000180B9FED760B53EC102B51EC180B0AF049
:102390008DFA20D29FED770B53EC102B51EC180BDC
:1023A0000AF05AF941EC1C0B9FED740B53EC102B07
:1023B0000AF0F9F941EC1B0B9FED6E0B53EC102B5F
:1023C0000AF04AF941EC1A0B53EC182B0AF0EBF91E
:1023D00041EC180B1FE09FED670B53EC102B51ECF9
:1023E000180B0AF0DAF941EC1C0B9FED660B53EC6D
:1023F000102B0AF0D8F941EC1B0B9FED5E0B53EC50
:10240000102B0AF029F941EC1A0B53EC182B0AF0A7
:10241000CAF941EC180BB0EE480AF0EE680ABDECC0
:102420000A8B10BD10B52DED068BB0EE408AF0EE94
:10243000608A01249FED550B53EC102B51EC180BC7
:102440000AF04CFA0AD89FED510B53EC102B51ECCB
:10245000180B0AF0A2F941EC180BA41E20460AF052
:1024600014FA41EC190BB0EE480AF0EE680AFFF7D7
:1024700047FFB0EE40AAF0EE60AA53EC192B51ECE6
:102480001A0B0AF090F941EC100BBDEC068B10BD55
:1024900010B52DED088BB0EE408AF0EE608A012475
:1024A0009FED3C0B53EC102B51EC180B0AF0D4F8B9
:1024B00041EC180B9FED350B53EC102B51EC180B26
:1024C0000AF00CFA0AD8A41E9FED300B53EC102B27
:1024D00051EC180B0AF061F941EC180B20460AF098
:1024E000D4F941EC1A0BB0EE480AF0EE680AFFF797
:1024F00099FFB0EE40BAF0EE60BA53EC1A2B51ECF3
:102500001B0B0AF050F941EC190B0AF0FFF900EE31
:10251000100ABDEC088B10BDF0EE401AF4EEE01A84
:10252000F1EE10FA3ADD31EEC10AB4EEE00AF1EE56
:1025300010FA3CD2B0EE600A39E000000000000062
:102540008180803B0000804368CB0008DB0F49405E
:10255000DB0FC93FDB0FC9BFDF59375F0000000049
:1025600000000000000000602FF0D93F0000006074
:10257000305FF43F000000000000F03F000000C0AA
:10258000CCCCCCBF000000C0CCCCCC3FF1D4C853E5
:10259000FB210940F1D4C853FB21F93F31EE810AF8
:1025A000B4EEE00AF1EE10FA01DDB0EE600A704719
:1025B000F0EE401AB1EE412A32EE202AB4EEE12AC2
:1025C000F1EE10FA09D231EE202AB4EEE12AF1EE52
:1025D00010FA02DDB0EE600A01E0B0EE610A704769
:1025E000F0EE402AB5EEC01AF1EE10FA02DDB0EEC0
:1025F000410A01E0B1EE410AB6EE003A22EE033A9A
:1026000023EE213AB4EEC30AF1EE10FA06D29FEDA2
:10261000D40A20EE800AF0EE400A4DE0B5EEC01A72
:10262000F1EE10FA02DDB0EE410A01E0B1EE410A2E
:1026300022EE213AB4EEC30AF1EE10FA06D29FED73
:10264000C90A20EE800AF0EE400A35E0B5EEC01A65
:10265000F1EE10FA02DDB0EE410A01E0B1EE410AFE
:10266000B4EEE10AF1EE10FA06D2B6EE000A20EE60
:10267000800AF0EE400A1FE0B5EEC01AF1EE10FA43
:1026800002DDB0EE410A01E0B1EE410AB0EE003ADF
:1026900021EE833AB4EEC30AF1EE10FA06D29FEDB2
:1026A000B20A20EE800AF0EE400A05E09FEDAF0A84
:1026B00020EE800AF0EE400A9FEDAD0A20EE800A7F
:1026C00020EE223AF7EE003A83EE830AB7EE003AA4
:1026D00030EE030AF7EE003A83EE803A90ED000AFE
:1026E00071EE403A90ED000A03EE230A80ED000AF5
:1026F00090ED000AB1EE423A23EE213AB4EEC30A5D
:10270000F1EE10FA04D8B1EE420A20EE210A0DE0F3
:1027100090ED000A22EE213AB4EEC30AF1EE10FA6F
:1027200002DD22EE210A01E090ED000A80ED000AB0
:1027300090ED000A31EE400A704710B52DED028B86
:10274000B0EE408AF0EE608A9FED8A0B53EC102BBE
:1027500051EC180B0AF0C2F80CD29FED880B53EC29
:10276000102B51EC180B0AF018F841EC100BBDECD3
:10277000028B10BD9FED830B53EC102B51EC180B0B
:102780000AF094F80AD29FED7D0B53EC102B51EC1C
:10279000180B09F061FF41EC100BE8E7B0EE480AB6
:1027A000F0EE680AE3E730B505460C46F0EE403A35
:1027B000D5ED000A60EEA00A94ED001AD4ED001ADF
:1027C00041EE210AB0EE600AFFF790FDB0EE403A0C
:1027D000B5EEC03AF1EE10FA02D81FEDA80A09E0F2
:1027E000B4EEE33AF1EE10FA02DDB0EE630A01E076
:1027F000B0EE430AB0EE404AB5EEC03AF1EE10FA40
:1028000006D11FEDB20A83ED000A82ED000A0FE047
:1028100084EE030AD5ED000A20EE200A82ED000ABC
:1028200084EE030AD4ED000A20EE200A83ED000AAC
:1028300030BDF0EE400A0B7802EB8303C3ED000AD3
:102840000B785B1C0B700B78834201DB00230B7051
:102850000B7802EB830393ED000A704700B5024644
:10286000B0EE403A0B46F7EE000A43EE430AB0EEF4
:10287000600AFFF73BFDD2ED000A20EE200AD2ED00
:10288000010A00EEC30A83ED000AF7EE000A43EEE8
:10289000430AB0EE600AFFF729FDD2ED010A20EEEF
:1028A000200AD2ED000A00EE830A83ED010A00BD82
:1028B00090ED000AD1ED010A20EE200AD0ED010AC8
:1028C00091ED001A00EEC10A704790ED000AD1EDBB
:1028D000000A20EE200AD0ED010A91ED011A00EE67
:1028E000810A704790ED010AD1ED020A20EE200A1C
:1028F000D0ED020A91ED011A00EEC10A82ED000A44
:1029000090ED020AD1ED000A20EE200AD0ED000A77
:1029100091ED021A00EEC10A82ED010A90ED000A63
:10292000D1ED010A20EE200AD0ED010A91ED001A46
:1029300000EEC10A82ED020A704790ED000AD1ED67
:10294000000A20EE200AD0ED010A91ED011A00EEF6
:10295000810AD0ED020A91ED021A00EE810A704759
:102960009A99993FCDCC4C3FCDCC4C3ECDCCCC3D73
:10297000C3F5C84000000000008066400000000071
:102980000080764000000000008066C008B5C648A0
:10299000D0ED000A9FEDC51AF4EEC10AF1EE10FA6F
:1029A0000BD2D0ED000AB7EE001A70EE810AC0ED2E
:1029B000000A0120BE49887002E00020BC498870EE
:1029C000B948D0ED010A9FEDB91AF4EEC10AF1EE53
:1029D00010FA0BD2D0ED010AB7EE001A70EE810AA0
:1029E000C0ED010A01208DF8000002E000208DF802
:1029F0000000AD48D0ED020A9FEDAC1AF4EEC10A1A
:102A0000F1EE10FA0BD2D0ED020AB7EE001A70EE1A
:102A1000810AC0ED020A01208DF8010002E00020C9
:102A20008DF801009DF8000030B19DF8010018B14B
:102A300001209F49C87002E000209D49C87008BD70
:102A400030B500220024C5788B1F9D4200D030BDD8
:102A5000002306E0C55C1544EAB2A518ECB25D1C83
:102A6000EBB28D1E9D42F5DC431813F8023C9342F5
:102A700004D1431813F8013CA34200D0E7E7837860
:102A8000512B38D103795BB94379894D6B718379C7
:102A90005BB2AB71C3795BB2EB71037A2B7183E0EC
:102AA0000379012B12D14379814D2B72C3886B813D
:102AB0000389AB81837A2B719FED7E0A7A4B83ED7C
:102AC000010A2B461B785B1C2B706DE00379022BEF
:102AD0006AD14379764DAB73C3882B8203896B82AD
:102AE0004389AB828389EB82C3892B83038A6B83FF
:102AF000837C2B7158E08378342B0DD1D0F80730CC
:102B00006B4DEB619FED6B0A674B83ED020A2B4621
:102B10005B785B1C6B7047E08378012B0DD1838859
:102B2000634D2B86C3886B860389AB864389EB860E
:102B300083892B87C3896B8736E08378042B33D155
:102B4000B0F9043000EE103AB8EEC00ADFED5A0AD0
:102B500020EE200A564B83ED080AB0F9063000EE4D
:102B6000103AB8EEC00ADFED540A20EE200A504BAE
:102B700083ED090AB0F9083000EE103AB8EEC00A49
:102B8000DFED4D0A20EE200A494B83ED0A0AB0F929
:102B90000A3000EE103AB8EEC00ADFED470A20EE28
:102BA000200A434B83ED0B0A00BF50E710B50446E3
:102BB0004248007838B9AA2C05D101203F49087055
:102BC0003F4804706FE03D480078012809D1612C2E
:102BD00001D0FF2C05D102203849087038484470D4
:102BE00061E036480078022805D103203349087097
:102BF0003348847057E03148007803280CD1FA2C10
:102C00000ADA04202D4908702D48C4702D4804703C
:102C100000202D49087046E028480078042819D182
:102C200028480078002815DD26480078401E2549F0
:102C300008702548007824490978491C224A1170F7
:102C4000001D1F490C541F48007840BB05201B493C
:102C5000087028E01948007805280DD1062017498A
:102C600008701948007818490978491C164A1170EB
:102C7000001D13490C5416E01048007806280FD1A7
:102C800000200E49087010480078001D0C490C54B3
:102C90000D480078401DC1B20948FFF7D1FE02E09F
:102CA00000200649087010BD7C0A00200000FA438D
:102CB0000C0A00200000000017B7D138C100002026
:102CC000480A0020BF000020C00000200146D5486F
:102CD000007800287ED00022D24B1A70D24A128887
:102CE000C832D14B1A80D14A127DD14B5A76CF4A85
:102CF000D37DCF4A9376CD4A9369CD4AC2F81B3033
:102D0000CA4AD369CA4AC2F81F30C84A526A0A235B
:102D100092FBF3F3C64AC2F82330C44A126B0A236B
:102D200092FBF3F213B2C24AA2F82730BF4A526BA9
:102D30000A2392FBF3F213B2BD4AA2F82930BB4A30
:102D4000926B0A2392FBF3F213B2B94AA2F82B302A
:102D5000B64AB2F84C2000EE102AB8EE400ADFED79
:102D6000B50A20EE200ABCEEC00A10EE100A08B91F
:102D7000002204E0C82801D9C82200E0024610461B
:102D8000AB4A82F82D00A94A526C00EE102AB8EE28
:102D9000400ADFEDA80A20EE200ABCEEC00A10EEC1
:102DA000100A08B9002204E0C82801D9C82200E0AE
:102DB000024610469E4A82F82E009C4AD26A00EED5
:102DC000102AB8EE400ADFED9B0A20EE200ABCEE86
:102DD000C00A00E012E010EE100A08B9002204E078
:102DE000C82801D9C82200E002461046904A82F85D
:102DF0002F000123904A82F8213100BF704710B59F
:102E00000E218E4800F0C2FE10BD10B50E218C4878
:102E100000F0BCFE10BD10B5642000F0D3F94FF4F3
:102E2000165000F038FE322000F0CCF91C21854805
:102E300000F0ACFE642000F0C5F94FF4964000F0BD
:102E40002AFE322000F0BEF91C217E4800F09EFED2
:102E5000642000F0B7F94FF4164000F01CFE322059
:102E600000F0B0F91C21774800F090FE642000F0DB
:102E7000A9F94FF4E13000F00EFE142000F0A2F9A1
:102E80000B21714800F082FE142000F09BF90B2109
:102E90006E4800F07BFE142000F094F90B216C4882
:102EA00000F074FE142000F08DF90B21694800F049
:102EB0006DFE142000F086F90B21674800F066FED5
:102EC000142000F07FF90B21644800F05FFE14200D
:102ED00000F078F9FFF793FF10BD10B50146002010
:102EE00000225F4B1B782BB9B52903D101235C4C21
:102EF000237095E05A4B1B78012B05D1622903D131
:102F00000223574C23708BE0554B1B78022B05D1C5
:102F10000323534C2370534B197081E0504B1B78A3
:102F2000032B05D104234E4C23704F4B197077E0CF
:102F30004B4B1B78042B05D10523494C23704B4B7D
:102F400019706DE0464B1B78052B10D10623444CBD
:102F50002370464B1B7803EB0123454C238023460B
:102F60001B88622B5CDB00233D4C237058E03C4BFC
:102F70001B78062B54DB3A4B1B789B1F3C4C248858
:102F8000A41CA3420ADA364B1B789B1F274CE15442
:102F9000334B1B785B1C324C237041E0314B1B7868
:102FA0000344D8B21318DAB22F4B1B780344D8B2BB
:102FB0001318DAB22E4B1B780344D8B21318DAB2C6
:102FC0002B4B1B8800EB1323D8B21318DAB2002363
:102FD00007E0164CE45C0444E0B21418E2B25C1C56
:102FE000E3B2234C2488A342F3DB104B204C24880B
:102FF0001B5D834211D10D4C1D4B1B885B1CE35C98
:1030000093420AD1174B1B78012B06D1164B1B7824
:10301000072B02D10123034C23700023104C237093
:1030200010BD0000C2000020C4000020880A00205B
:10303000640900200AD7233C10020020C6000020AB
:10304000D4000020FE0000202F0100203A010020C3
:1030500045010020500100205B0100206601002096
:10306000770100207101002072010020730100200F
:1030700074010020704700BFFEE700BFFEE700BFFD
:10308000FEE77047704710B5802003F08EFF10B147
:10309000802003F0E0FF10BD10B500F01BFC10BD58
:1030A000704710B50121114807F075FE28B10121C4
:1030B0000E4807F0CDFEFEF7BBF910BD10B500F0CD
:1030C000ADFD10BD10B500F09EFE10BD10B501F0B5
:1030D00064F810BD10B501F07DF910BD10B501F018
:1030E00068FA10BD10B500F071FC10BD001400406E
:1030F0007FB5684604F08BFE4FF47A710198B0FBFF
:10310000F1F4E4082146B1F1807F00D31DE021F005
:103110007F40401E4FF0E022506150170F220028E0
:1031200007DA13071E0E314B00F00F052D1F5E55F9
:1031300003E013071D0E2E4B1D5400BF00204FF05F
:10314000E02290610720106100BF6FF0040001F0E1
:103150005FFC7FBD2748D0E900305A1C40F10000D9
:103160002449C1E90020704722480068704710B523
:1031700000BF204A11684FF0E02252694FF0E0236F
:103180009B69D21A4FF47A735A434FF0E0235B697C
:10319000B2FBF3F201EB4103C3EBC11302EBC3003B
:1031A000144C18CC4B402343E3D110BD30B504463A
:1031B000FFF7DDFF054600BFFFF7D9FF401BA04228
:1031C000FAD330BD10B5044603E04FF47A70FFF730
:1031D000EDFF201EA4F10104F7D110BD10B54FF48E
:1031E000806001F063FBFFF783FF10BD18ED00E086
:1031F00000E400E07801002000B58FB0684602F0DE
:1032000060FE0121880504F01AFF00BF564803F054
:1032100075F90028FAD10090544801905448029062
:103220000020039032200490002005904FF480602D
:103230000690400007908000089000010A9040121C
:10324000099000200B9001200C9000200D900E9012
:103250006946454802F0DFFC0121434802F042FE86
:103260000FB000BD00B58DB001A801F0D3FC012165
:10327000042004F0E4FE0121080204F0C6FFFFF779
:10328000BBFF03208DF8300020200B9000208DF82C
:1032900033000BA9374803F083FF00200990079003
:1032A0004FF48030089000200A9007A801F0BCFC81
:1032B000002001908DF8080001208DF80900002001
:1032C0000390059001208DF8180001A927484C387B
:1032D00001F0D7FB072301220F2124484C3801F0CD
:1032E00068FE012121484C3802F041F801211F48B5
:1032F0004C3801F04AFD01211C484C3802F011F80D
:103300001A484C3801F021FF0DB000BD9FED1A0A9C
:10331000F0EE400A002010E0154931F8101000EEE0
:10332000101AB8EE401ADFED151AB0EE600A01EE81
:10333000210AF0EE400A411CC8B23228ECDB9FEDB6
:10334000101A80EE810A9FED0F1A20EE010AB2EEEC
:10335000061A20EE010AF7EE001A80EE211A9FED00
:103360000A0A21EE000A7047106402404C20014016
:10337000EC0A002000080240000000000AD7A33C2D
:103380000000804500404E456F12833A1CB56846E8
:1033900003F0B1FF0121102004F051FE01208DF84F
:1033A00004008DF8070000208DF8060002208DF83B
:1033B0000500072000906946384803F0F1FE01201F
:1033C0008DF804008DF8060002208DF8050080209D
:1033D00000906946314803F0E3FE02212F4804F0D3
:1033E00015F901212D4804F011F904212B4804F0AE
:1033F0000DF98021294804F009F91CBD00F00101F4
:1034000019B10221254A118302E00221234A518386
:1034100000F0020119B10121204A118302E00121CB
:103420001E4A518300F0040119B104211B4A118383
:1034300002E00421194A518300F0080119B18021EA
:10344000164A518302E08021144A1183704700B567
:1034500000201DE0124931F81010124A1256914214
:1034600004DA0121814019438BB202E0012181403D
:103470008B430B4931F81010491C89B2084A22F8D5
:103480001010142902DB002122F81010411CC8B2D0
:103490000428DFDB1846FFF7B1FF00BD0010024033
:1034A000840100208001002030B58BB00025D44C71
:1034B00001A803F020FF08A805F02DFA03A806F0E4
:1034C00066F8012C01D8012004E0CE48844200D9DE
:1034D00000E0204604460121082004F073FE01218B
:1034E000022004F092FE0121084604F08EFE012124
:1034F000152004F0A4FD0C20019002208DF8080096
:1035000003208DF8090000208DF80A0001208DF8B5
:103510000B0001A9BC4803F043FE02221146BA4841
:1035200004F052F902220321B74804F04DF9B748DC
:1035300000684008B0FBF4F0401E85B242F2107003
:103540000990ADF820500020ADF82800ADF8220019
:1035500008A9AF4805F054F96020ADF80C00002030
:10356000ADF818000120ADF80E004FF47A60059018
:1035700003A9A74805F0B2FE0821A54806F07BFA8A
:103580000120ADF80E004FF47A60059003A9A04821
:1035900005F06CFF08219E4806F099FA01219C482D
:1035A00005F0B3FB01219A4805F09BFC4FF4D44091
:1035B000019002208DF8080003208DF809000020FA
:1035C0008DF80A0001208DF80B0001A9914803F045
:1035D000E7FD012209218F4804F0F6F801220B21B2
:1035E0008C4804F0F1F801220D218A4804F0ECF82F
:1035F00001220E21874804F0E7F884480068B0FBF8
:10360000F4F0401E85B242F210700990ADF82050DF
:103610000020ADF82800ADF822008DF82A0008A996
:103620007D4805F0EDF86020ADF80C000020ADF805
:103630001000ADF818000820ADF81A004001ADF8F0
:103640001C000020ADF81E000120ADF80E004FF464
:103650007A60059003A9704805F08BFC08216E483C
:1036600006F095F94FF47A60059003A96A4805F0D1
:1036700048FD0821684806F0C8F94FF47A600590C3
:1036800003A9654805F02AFE0821634806F0F3F90E
:103690004FF47A60059003A95F4805F0E7FE082122
:1036A0005D4806F014FA01215B4807F0C6F90121D4
:1036B000594805F02AFB0121574805F012FC4FF448
:1036C0004070019002208DF8080003208DF8090059
:1036D00000208DF80A0001208DF80B0001A94F4849
:1036E00003F05EFD032208214C4804F06DF803222C
:1036F00009214A4804F068F844480068B0FBF4F037
:10370000401E85B242F210700990ADF820500020A2
:10371000ADF82800ADF822008DF82A0008A940482D
:1037200005F06EF86020ADF80C000020ADF8100038
:10373000ADF818000820ADF81A004001ADF81C00E3
:103740000020ADF81E004FF47A60059003A93448BC
:1037500005F0C4FD0821304806F08DF94FF47A6079
:10376000059003A92E4805F081FE08212A4806F09D
:10377000AEF901212A4807F060F90121284805F037
:10378000C4FA0121264805F0ACFB0BB030BDB0F9FE
:103790000010890001F57A611F4A1164B0F9021026
:1037A000890001F57A61D163B0F90410890001F54F
:1037B0007A619163B0F90610890001F57A6151636D
:1037C000B0F90810890001F57A61114A40321160A0
:1037D000B0F90A10890001F57A61121F1160B0F981
:1037E0000C10890001F57A610D4A40321160B0F980
:1037F0000E10890001F57A61121F116070470000F8
:1038000000093D0000BD010500000240B801002094
:10381000000C00400010024000000140000802407F
:103820000004014000B587B005A803F064FD02A8BC
:1038300006F085FF0121022004F0C4FC01210420D0
:1038400004F0FDFB1D208DF8040002208DF805001A
:1038500001208DF806008DF8070001A801F041F85D
:103860008020059002208DF8180003208DF81900A3
:1038700000208DF81A0002208DF81B0005A95D4874
:1038800003F08EFC022207215A4803F09DFF5320CB
:10389000594908800420ADF808000A20ADF80A0054
:1038A0000120ADF80C000020ADF80E00ADF81000BE
:1038B00002A95148283806F05CFE01214E482838FC
:1038C00005F00FFB012204214B48283807F024F9AA
:1038D00007B000BD10B548481838008800F0040053
:1038E00000B34FF6FB704449183908804FF6FF309B
:1038F000088040481030006800F0800090B93E48D1
:10390000283806F0C8FF3D490880084600884988E5
:10391000401A84B22046FEF7CAF938480088374971
:10392000488000BF10BD00B587B0684603F0E3FCD7
:103930000121202004F069FC0121042004F07FFB18
:1039400047208DF8080004208DF8090001208DF82B
:103950000A008DF80B0002A800F0C3FF082207211F
:10396000244803F031FF8020009002208DF80400ED
:103970008DF8050001208DF8060000208DF8070065
:1039800069461C4803F00CFC1D4803900020ADF86C
:1039900010004FF40050ADF81200C010ADF8140044
:1039A0000020ADF818000420ADF8160003A9154852
:1039B00007F0A5FF012240F22551124808F03BFC18
:1039C0000121104808F0E4F807B000BD10B540F23E
:1039D00025510C4808F055FD58B140F225510948D1
:1039E00008F0DAFD0748001D0088C4B22046FEF743
:1039F0008CF910BD00080240280400408C01002012
:103A0000A0860100001401403EB50446012120209B
:103A100004F0D8FB1E4804F017FE01945320ADF8C3
:103A200000000020ADF80800ADF802006946184813
:103A300004F0E6FE0121164807F077F9012211464D
:103A4000134807F069F80121114805F04AFA0021EE
:103A5000202004F0B7FB3EBD08B537208DF80000EC
:103A600007208DF8010001208DF802008DF8030079
:103A7000684600F036FF08BD10B54FF47A70FFF7C6
:103A8000C3FFFFF7E9FF0121202004F09BFB10BDDD
:103A900000140040704710B58AB0044606A808F02C
:103AA00012F80121102004F0B0FB0121084604F0B7
:103AB000C6FA25208DF80C0003208DF80D0000209B
:103AC0008DF80E0001208DF80F0003A800F009FF0B
:103AD00007220921FE4803F077FE07220A21FC484D
:103AE00003F072FE4FF40070019002208DF8080080
:103AF0008DF8090000208DF80A0001208DF80B00D8
:103B000001A9F34803F04CFB4FF4806001900220C0
:103B10008DF808008DF8090001208DF80A000020BA
:103B20008DF80B0001A9EA4803F03AFBE94807F0D9
:103B300081FE06940020ADF81C00ADF81E00ADF823
:103B40002000ADF824000C20ADF822000020ADF8D4
:103B50001000ADF812004FF40070ADF81400002012
:103B6000ADF8160006A9DB4807F0C9FE04A9D9483C
:103B700007F0B5FF012240F22551D64808F05BFB63
:103B80000121D44808F004F80AB010BD70B505460C
:103B90000E4600240AE0295DCF4802780078401CD8
:103BA000CD4B1870CD488154601CC4B2B442F2DBD6
:103BB000C848808900F0800028B9012240F22771AE
:103BC000C44808F038FB70BDC5490A780978491C1B
:103BD000C34B1970C349885419460978642902DB1C
:103BE00000211A461170704710B510E0BE490A78DE
:103BF0000978491CBC4B1970BA49885CFFF76DF90C
:103C0000B9480078642802DB0020B7490870B4483E
:103C10000078B54909788842E8D110BD10B5AD48A3
:103C2000008800F0080010B1AA488088C4B240F2B1
:103C30002551A84808F025FC50B140F22551A5486F
:103C400008F0AAFCA3488088C4B22046FFF7BCFF56
:103C500040F227719F4808F014FCA8B1A3480178EE
:103C60000078401CA14A10709C48405C99498880AB
:103C70001046007898490978884205D1954880898E
:103C800020F080009349888110BD10B58AB00446A9
:103C900006A807F018FF0121480404F093FA012157
:103CA000082004F0CCF926208DF80C0004208DF8B3
:103CB0000D0001208DF80E008DF80F0003A800F014
:103CC00010FE072205218A4803F07EFD0722062107
:103CD000874803F079FD2020019002208DF808002C
:103CE0008DF8090000208DF80A0001208DF80B00E6
:103CF00001A97F4803F054FA4020019002208DF87A
:103D000008008DF8090001208DF80A0000208DF8C8
:103D10000B0001A9764803F043FA06940020ADF8A1
:103D20001C00ADF81E00ADF82000ADF824000C20FA
:103D3000ADF822000020ADF81000ADF812004FF4ED
:103D40000070ADF814000020ADF8160006A969480F
:103D500007F0D5FD04A9674807F0C1FE012240F233
:103D60002551644808F067FA0121624807F010FF06
:103D70000AB010BD70B505460E4600240AE0295D64
:103D80005D4802780078401C5B4B18705B4881549A
:103D9000601CC4B2B442F2DB56480C30008800F01C
:103DA000800028B9012240F22771524808F043FAF6
:103DB00070BD53490A780978491C514B1970514913
:103DC000885419460978642902DB00211A461170CB
:103DD000704700B510E04C490A780978491C4A4BF5
:103DE00019704849885CFFF755FE474800786428F9
:103DF00002DB0020444908704148007842490978B4
:103E00008842E8D100BD10B53A48008800F00800AB
:103E100018B13848001D0088C4B240F22551354819
:103E200008F02FFB58B140F22551324808F0B4FB9E
:103E30003048001D0088C4B22046FFF7BAFF40F2A8
:103E400027712C4808F01DFBC0B13048017800787C
:103E5000401C2E4A10702948405C2649091D0880E4
:103E60001046007824490978884207D121480C304F
:103E7000008820F080001F490C31088010BD10B56B
:103E80008AB0044606A807F01EFE0121880404F04B
:103E900099F90121022004F0D2F827208DF80C00B6
:103EA00002208DF80D0000208DF80E0001208DF805
:103EB0000F0003A800F015FD07220A21144803F0A3
:103EC00083FC07220B21124803F07EFC22E0000055
:103ED00000000240001001409F010020500B002014
:103EE000A0010020500C0020A10100209E01002014
:103EF000000C024000440040A3010020B40C00204C
:103F0000A4010020B40D0020A5010020A201002082
:103F1000000402404FF48060019002208DF80800F8
:103F20008DF8090000208DF80A0001208DF80B00A3
:103F300001A9F94803F034F94FF400600190022020
:103F40008DF808008DF8090001208DF80A00002086
:103F50008DF80B0001A9F04803F022F90694002027
:103F6000ADF81C00ADF81E00ADF82000ADF824003F
:103F70000C20ADF822000020ADF81000ADF81200C2
:103F80004FF40070ADF814000020ADF8160006A93B
:103F9000E24807F0B4FC04A9E04807F0A0FD0122C4
:103FA00040F22551DD4808F046F90121DB4807F0D1
:103FB000EFFD0AB010BD70B505460E4600240AE0BC
:103FC000295DD74802780078401CD54B1870D54839
:103FD0008154601CC4B2B442F2DBD0480C3000887B
:103FE00000F0800028B9012240F22771CB4808F088
:103FF00022F970BDCC490A780978491CCA4B19705E
:10400000CA49885419460978642902DB00211A46F6
:10401000117070470279C64B1A704279C54B1A70FD
:10402000427AC54B1A70827AC37A42EA032212B2EC
:10403000C24B1A80827CC37C42EA032212B2C04B7C
:104040001A80027D437D42EA032212B2BD4B1A80E0
:10405000027EBD4B1A70427EBC4B1A70827EBC4BF6
:104060001A700122BB4B1A70704710B50446BA484B
:10407000007838B9AA2C05D10120B7490870B74893
:1040800004706FE0B4480078012807D1AF2C05D147
:104090000220B1490870B148447063E0AE4800782E
:1040A000022807D1302C05D10320AB490870AB485A
:1040B000847057E0A848007803280CD1172C0AD147
:1040C0000420A5490870A548C470A54804700020C4
:1040D000A449087046E0A0480078042819D1A048F7
:1040E0000078002815DD9E480078401E9C49087025
:1040F0009C4800789B490978491C9A4A1170001D18
:1041000096490C549648007840BB052092490870A7
:1041100028E09148007805280DD106208E490870C6
:10412000904800788F490978491C8E4A1170001D0B
:104130008A490C5416E08848007806280FD10020E0
:104140008549087087480078001D84490C548548CB
:104150000078401DC1B28148FFF75CFF02E00020FB
:104160007D49087010BD00B510E07F490A780978D4
:10417000491C7D4B19706D49885CFFF78BFC7A48B0
:104180000078642802DB00207749087066480078D0
:10419000754909788842E8D100BD10B55F480088AC
:1041A00000F0080018B15D48001D0088C4B240F25C
:1041B00025515A4808F065F958B140F22551574841
:1041C00008F0EAF95548001D0088C4B22046FFF700
:1041D0004CFF40F22771514808F053F9C0B16348D1
:1041E00001780078401C614A10704E48405C4B4991
:1041F000091D08801046007849490978884207D18E
:1042000046480C30008820F0800044490C3108807A
:1042100010BD10B588B0044604A807F054FC012175
:10422000C80403F0CFFF0121084603F008FF342043
:104230008DF80C0003208DF80D0001208DF80E0084
:104240008DF80F0003A800F04CFB0822002148481D
:1042500003F0BAFA08220121454803F0B5FA01201B
:10426000019002208DF808008DF8090000208DF8DB
:104270000A0001208DF80B0001A93D4802F090FFD3
:10428000022001908DF808008DF8090001208DF8BA
:104290000A0000208DF80B0001A9354802F080FFCC
:1042A00004940020ADF81400ADF81600ADF8180025
:1042B000ADF81C000C20ADF81A0004A92D4807F039
:1042C0001EFB012240F225512A4807F0B4FF0121CC
:1042D000284807F05DFC08B010BD70B505460E46D5
:1042E00000240AE0295D244802780078401C224B13
:1042F000187022488154601CC4B2B442F2DB1D48DD
:104300000C30008800F0800028B9012240F22771AB
:10431000184807F090FF70BD0004024000480040BC
:10432000A7010020180E0020A8010020180F00206F
:1043300090010020910100209201002094010020B2
:1043400096010020980100209A0100209B01002086
:104350009C0100209D010020B40100207C0F002062
:10436000B2010020B3010020A9010020A601002015
:1043700000000240004C0040AB010020AE0F0020C6
:10438000AD490A780978491CAB4B1970AB49885480
:1043900019460978642902DB00211A46117070471A
:1043A00010B510E0A6490A780978491CA44B197089
:1043B000A249885CFEF7FAFBA1480078642802DB7A
:1043C00000209F4908709C4800789D4909788842E0
:1043D000E8D110BD10B59B48008800F0080018B166
:1043E0009848001D0088C4B240F22551954808F055
:1043F00048F858B140F22551924808F0CDF891485C
:10440000001D0088C4B22046FFF7BAFF40F22771B2
:104410008C4808F036F8C0B18B4801780078401C11
:10442000894A10708948405C8649091D08801046F9
:10443000007887490978884207D182480C30008883
:1044400020F080007F490C31088010BD10B588B085
:10445000044604A807F037FB0121080503F0B2FE6B
:104460000121042003F0EBFD0121082003F0E7FD0A
:1044700035208DF80C0001208DF80D0000208DF8FE
:104480000E0001208DF80F0003A800F02AFA082280
:104490000C21704803F098F9082202216E4803F0BD
:1044A00093F94FF48050019002208DF808008DF8A8
:1044B000090000208DF80A0001208DF80B0001A9E9
:1044C000644802F06DFE0420019002208DF808007F
:1044D0008DF8090001208DF80A0000208DF80B00EE
:1044E00001A95D4802F05CFE04940020ADF81400C0
:1044F000ADF81600ADF81800ADF81C000C20ADF8B2
:104500001A0004A9554807F0FAF9012240F2255192
:10451000524807F090FE0121504807F039FB08B0DF
:1045200010BD70B505460E4600240AE0295D4C48D2
:1045300002780078401C4A4B18704A488154601C2D
:10454000C4B2B442F2DB4548808900F0800028B94B
:10455000012240F22771414807F06DFE70BD4249CB
:104560000A780978491C404B19704049885419460B
:104570000978642902DB00211A461170704710B5D2
:1045800010E03B490A780978491C394B19703749C2
:10459000885CFCF76EFA36480078642802DB00205D
:1045A0003349087030480078314909788842E8D1A9
:1045B00010BD10B52948008800F0080010B1274848
:1045C0008088C4B240F22551244807F05AFF50B108
:1045D00040F22551214807F0DFFF20488088C4B20F
:1045E0002046FFF7BCFF40F227711C4807F049FF47
:1045F000A8B1204801780078401C1E4A1070194864
:10460000405C164988801046007815490978884230
:1046100005D11248808920F080001049888110BDA2
:1046200010B5FFF7E1FAFFF7D4FBFFF79CFDFFF7AA
:10463000B7FEFFF7A4FF10BDAC010020AE100020B4
:10464000AD010020004C0040AA010020AE0F002068
:10465000AB01002000080240000C02400050004066
:10466000AF01002012110020B00100201212002022
:10467000B1010020AE0100200648804706480047EF
:10468000FEE7FEE7FEE7FEE7FEE7FEE7FEE7FEE702
:10469000FEE7FEE779470008890100080CB5002015
:1046A000019000907648006840F4803074490860BA
:1046B00000BF7348006800F4003000900198401C6F
:1046C0000190009818B90198B0F5A06FF1D16C482D
:1046D000006800F4003010B10120009001E00020DB
:1046E00000900098012846D165484030006840F0AD
:1046F00080506349403108606248006840F480405F
:10470000604908605E48083000685D49083108600B
:104710000846006840F4004008600846006840F41D
:10472000A05008605848091F0860081F006840F042
:104730008070091F086000BF5148006800F00070D9
:104740000028F9D040F20560504908604C48083014
:10475000006820F003004A490831086008460068F4
:1047600040F00200086000BF45480830006800F0D3
:104770000C000828F8D10CBD10B54548006840F47D
:104780007000434908603E48006840F001003C4921
:10479000086000203A4908310860394800683D49FE
:1047A0000840374908603C48091D0860081F006838
:1047B00020F48020091F0860002031490C31086076
:1047C000FFF76CFF4FF0006031498039086010BD81
:1047D00070B500200022022300240221284D083554
:1047E0002D6805F00C0020B1042806D0082834D12B
:1047F00007E02A4D2A4E356033E02A4D284E3560B9
:104800002FE01F4D2D1D2D68C5F380541C4D2D1D0F
:104810002D6805F03F0154B1224DB5FBF1F5184E5E
:10482000361D3668C6F3881605FB06F209E01B4DF7
:10483000B5FBF1F5124E361D3668C6F3881605FB3A
:1048400006F20F4D2D1D2D68C5F301456D1C6B0043
:10485000B2FBF3F5124E356003E0104D104E35609B
:1048600000BF00BF064D08352D68C5F303150E4E79
:10487000705D0B4D2D68C540094E356070BD000060
:10488000003802400070004008544007003C0240DD
:1048900088ED00E0FFFFF6FE103000240024F40055
:1048A000B801002000127A00BC01002010B50446B7
:1048B000B4F5E06F0BD0B4F5C06F08D0B4F5A06FBD
:1048C00005D0B4F5806F02D0B4F5407F00D103E08D
:1048D00073215F48FBF764FC5E4820435E49086033
:1048E00010BD2DE9F0410446002500270F26E07891
:1048F00010B1E078012800D103E087215448FBF78C
:104900004FFC6078102800DA03E088215048FBF75C
:1049100047FCA078102800DA03E089214C48FBF717
:104920003FFCE07818B34C48006800F4E060C0F544
:10493000E060C0F30725C5F10400C7B22E416078DE
:10494000B840C5B2A078304005432807050E43485B
:1049500021784554207800F01F01012088402178FB
:104960004911890001F1E021C1F8000109E0207836
:1049700000F01F010120884039492278521141F886
:104980002200BDE8F08170B504460D46B4F1005F29
:1049900002D0B4F1006F00D103E0B1212C48FBF745
:1049A000FFFB3048854200D203E0B2212848FBF7E4
:1049B000F7FB2D4905EA010020432749091F08603C
:1049C00070BD70B504460D46102C03D0042C01D0E8
:1049D000022C00D103E0C4211D48FBF7E1FB0DB11F
:1049E000012D00D103E0C5211948FBF7D9FB3DB1EA
:1049F0001948001D006820431749091D086006E09A
:104A00001548001D0068A0431349091D086070BDCA
:104A100010B50446042C01D0601D00B903E0DC2170
:104A20000B48FBF7BDFB042C08D14FF0E0200069D8
:104A300040F004004FF0E021086107E04FF0E02073
:104A4000006920F004004FF0E021086110BD000073
:104A50006CCF00080000FA050CED00E000E400E077
:104A600080E100E0FFFF0F0080FFFF1F10B5012174
:104A7000080203F08DFC00214FF4807003F088FCE5
:104A800010BD2DE9F04105460C4600260027F748E9
:104A9000854205D0F648854202D0F648854200D1CD
:104AA00003E0E921F448FBF77BFB206858B120685C
:104AB000B0F1807F07D02068B0F1007F03D020687C
:104AC000B0F1407F00D103E0EA21EB48FBF768FB3F
:104AD000207910B12079012800D103E0EB21E648CC
:104AE000FBF75EFB607910B16079012800D103E02B
:104AF000EC21E148FBF754FBA06858B1A068B0F185
:104B0000805F07D0A068B0F1005F03D0A068B0F16B
:104B1000405F00D103E0ED21D748FBF741FBE0689F
:104B2000D8B3E068B0F1807F37D0E068B0F1007FA3
:104B300033D0E068B0F1407F2FD0E068B0F1806FF3
:104B40002BD0E068B0F1A06F27D0E068B0F1C06F63
:104B500023D0E068B0F1E06F1FD0E068B0F1006FE3
:104B60001BD0E068B0F1106F17D0E068B0F1206F93
:104B700013D0E068B0F1306F0FD0E068B0F1406F53
:104B80000BD0E068B0F1506F07D0E068B0F1606F13
:104B900003D0E068B0F1706F00D103E0EE21B648B9
:104BA000FBF7FEFA206918B12069B0F5006F00D15B
:104BB00003E0EF21B048FBF7F3FA207D012803DB87
:104BC000207D102800DC03E0F021AB48FBF7E8FA79
:104BD0006E68AA4806402179206840EA0120064311
:104BE0006E60AE68A6480640D4E903100843A16889
:104BF0000843617940EA41000643AE60EE6A26F45C
:104C00007006207D401EC0B2074346EA0756EE629A
:104C1000BDE8F08100210160017141718160C160D6
:104C2000016101210175704770B5044600252068B7
:104C300018B32068012820D0206802281DD02068E1
:104C400005281AD02068062817D02068072814D015
:104C50002068092811D0206811280ED02068122859
:104C60000BD02068152808D02068162805D02068A9
:104C7000172802D02068192800D104E04FF4A97148
:104C80007D48FBF78DFA606858B16068B0F5803FE9
:104C900007D06068B0F5003F03D06068B0F5403FD2
:104CA00000D104E040F253117348FBF779FAA06891
:104CB00058B1A068B0F5804F07D0A068B0F5004F9C
:104CC00003D0A068B0F5404F00D104E04FF4AA71C2
:104CD0006948FBF765FAE068D8B3E068B0F5807F13
:104CE00037D0E068B0F5007F33D0E068B0F5407FA2
:104CF0002FD0E068B0F5806F2BD0E068B0F5A06FE2
:104D000027D0E068B0F5C06F23D0E068B0F5E06F61
:104D10001FD0E068B0F5006F1BD0E068B0F5106FF1
:104D200017D0E068B0F5206F13D0E068B0F5306FB1
:104D30000FD0E068B0F5406F0BD0E068B0F5506F71
:104D400007D0E068B0F5606F03D0E068B0F5706F31
:104D500000D104E040F255114748FBF721FA4948D9
:104D6000056849480540D4E900010843A1680843A3
:104D7000E168084305433D48C0F8045370BD002175
:104D8000016041608160C160704770B504460D46A6
:104D90003648844205D03648844202D035488442A1
:104DA00000D104E040F28B113348FBF7F9F90DB163
:104DB000012D00D104E04FF4C6712F48FBF7F0F944
:104DC00025B1A06840F00100A06003E0A06820F0D9
:104DD0000100A06070BD70B505460C460026234852
:104DE000854205D02248854202D02248854200D122
:104DF00004E04FF4E3712048FBF7D2F923488442E2
:104E00000FD0234884420CD02248844209D0B4F504
:104E1000000F06D0B4F5800F03D0B4F5400F00D0DA
:104E200004B904E040F2C7111348FBF7B9F96E6802
:104E30001848C043064026436E6070BD70B50446F6
:104E40000E4615460948844205D00948844202D0DE
:104E50000848844200D104E040F2E3110648FBF721
:104E60009FF9B6F5805F17DA1BE0000000200140D3
:104E70000021014000220140B4CF0008FFFEFFFCEA
:104E8000FDF7FFC004230140E030FCFF000280007A
:104E9000000240000002C0004FF4F271FD48FBF731
:104EA0007FF9B5F5805F00DA04E040F2E511F948DA
:104EB000FBF776F96662A56270BD70B505460C46D3
:104EC0000026F548854205D0F448854202D0F448D2
:104ED000854200D104E04FF40371EE48FBF760F91E
:104EE0001CB3012C21D0022C1FD0032C1DD0042C6C
:104EF0001BD0052C19D0062C17D0072C15D0082C48
:104F000013D0092C11D00A2C0FD00B2C0DD00C2C47
:104F10000BD00D2C09D00E2C07D00F2C05D0102C47
:104F200003D0112C01D0122C00D104E040F20D214D
:104F3000D848FBF735F96E6826F01F0626436E60E9
:104F400070BD10B504460CB1012C00D104E04FF443
:104F50001371D048FBF724F93CB1D248006840F403
:104F60000000CD49C1F8040306E0CE48006820F4F3
:104F70000000C949C1F8040310BD10B504460CB1C6
:104F8000012C00D104E040F26221C248FBF708F98D
:104F90003CB1C448006840F48000BF49C1F8040334
:104FA00006E0C048006820F48000BB49C1F8040353
:104FB00010BD2DE9F04706460C46174698460025D9
:104FC000A946B548864205D0B448864202D0B448C6
:104FD000864200D104E04FF43271AE48FBF7E0F8AE
:104FE0001CB3012C21D0022C1FD0032C1DD0042C6B
:104FF0001BD0052C19D0062C17D0072C15D0082C47
:1050000013D0092C11D00A2C0FD00B2C0DD00C2C46
:105010000BD00D2C09D00E2C07D00F2C05D0102C46
:1050200003D0112C01D0122C00D104E040F2C92190
:105030009848FBF7B5F8012F02DB102F00DC04E0E5
:1050400040F2CA219348FBF7ABF8B8F1000F14D037
:10505000B8F1010F11D0B8F1020F0ED0B8F1030F63
:105060000BD0B8F1040F08D0B8F1050F05D0B8F196
:10507000060F02D0B8F1070F00D104E040F2CB21B7
:105080008448FBF78DF8092C13DDF568A4F10A00BC
:1050900000EB4001072000FA01F925EA0905A4F117
:1050A0000A0000EB400008FA00F945EA0905F5603E
:1050B0000EE0356904EB4401072000FA01F925EA06
:1050C000090504EB440008FA00F945EA09053561D1
:1050D000072F11DA756B781E00EB80011F2000FA94
:1050E00001F925EA0905781E00EB800004FA00F9B1
:1050F00045EA0905756326E00D2F11DA356BF81FB7
:1051000000EB80011F2000FA01F925EA0905F81FCC
:1051100000EB800004FA00F945EA0905356312E066
:10512000F56AA7F10D0000EB80011F2000FA01F9DC
:1051300025EA0905A7F10D0000EB800004FA00F94B
:1051400045EA0905F562BDE8F08710B50446524806
:10515000844205D05148844202D05148844200D153
:1051600004E040F23F314B48FBF71AF8A06840F0EA
:105170008040A06010BD70B50446002546488442BA
:1051800005D04648844202D04548844200D104E01C
:1051900040F24E313F48FBF703F8A06800F480006E
:1051A00008B1012500E00025284670BD70B5044611
:1051B0000D463948844205D03848844202D03848E8
:1051C000844200D104E040F26B313248FAF7E8FF44
:1051D0000DB1012D00D104E04FF45B712D48FAF7B9
:1051E000DFFF25B1A06840F48060A06003E0A06804
:1051F00020F48060A06070BD70B504460D4626485E
:10520000844205D02548844202D02548844200D1FA
:1052100004E04FF461711F48FAF7C2FF0DB1012D90
:1052200000D104E040F285311A48FAF7B9FF25B100
:10523000A06840F00200A06003E0A06820F0020037
:10524000A06070BD2DE9F04104460D460026002700
:105250001148844205D01148844202D0104884424B
:1052600000D104E040F2A1310A48FAF799FF012D7C
:1052700002DB082D00DC04E040F2A2310548FAF719
:105280008FFF666826F460466F1E46EA4736666002
:10529000BDE8F081B4CF00080020014000210140AA
:1052A000002201400423014070B504460D46F94830
:1052B000844205D0F848844202D0F848844200D1A4
:1052C00004E040F2BE31F648FAF76AFF0DB1012D55
:1052D00000D104E040F2BF31F148FAF761FF25B197
:1052E000606840F40060606003E0606820F4006083
:1052F000606070BD10B50446E648844205D0E648BB
:10530000844202D0E548844200D104E040F2D53125
:10531000E348FAF745FFE06C80B210BDE148006851
:10532000704770B504460D46DA48844205D0DA4825
:10533000844202D0D948844200D104E040F21B41AB
:10534000D748FAF72DFF0DB1012D00D104E040F24E
:105350001C41D348FAF724FF25B1A06840F48070BF
:10536000A06003E0A06820F48070A06070BD70B5FC
:1053700004460D46C748844205D0C748844202D03F
:10538000C648844200D104E040F23341C448FAF7F1
:1053900007FF0DB1012D00D104E040F23441C048B7
:1053A000FAF7FEFE25B1A06840F40070A06003E0AB
:1053B000A06820F40070A06070BD10B504460CB168
:1053C000012C00D104E040F24E41B548FAF7E8FE66
:1053D00044B1B448001F006840F40050AD49C1F822
:1053E000040307E0AF48001F006820F40050A949FB
:1053F000C1F8040310BD2DE9F04706460C4691465E
:105400001D460027B846BA46A248864205D0A248A3
:10541000864202D0A148864200D104E040F2A64173
:105420009F48FAF7BDFE1CB3012C21D0022C1FD0DF
:10543000032C1DD0042C1BD0052C19D0062C17D002
:10544000072C15D0082C13D0092C11D00A2C0FD002
:105450000B2C0DD00C2C0BD00D2C09D00E2C07D002
:105460000F2C05D0102C03D0112C01D0122C00D100
:1054700004E040F2A7418A48FAF792FEB9F1010F21
:1054800003DBB9F1040F00DC04E04FF495618448BC
:10549000FAF786FE6DB1012D0BD0022D09D0032D38
:1054A00007D0042D05D0052D03D0062D01D0072DE2
:1054B00000D104E040F2A9417948FAF771FE092CC5
:1054C00013DDF768A4F10A0000EB4001072000FAA1
:1054D00001F827EA0807A4F10A0000EB400005FAEA
:1054E00000F847EA0807F7600EE0376904EB44016B
:1054F000072000FA01F827EA080704EB440005FA40
:1055000000F847EA08073761B76BC7F3015A09F19A
:1055100003000AF10101401A00EB80011F2000FA8C
:1055200001F827EA080709F103000AF10101401A0E
:1055300000EB800004FA00F847EA0807B763BDE80B
:10554000F0872DE9F04104460D460026002751481A
:10555000844205D05048844202D05048844200D151
:1055600004E040F2E6414E48FAF71AFE012D02DB54
:10557000042D00DC04E040F2E7414948FAF710FE50
:10558000A66B26F440166F1E46EA0756A663BDE8D2
:10559000F081F8B505460C461646002000903D48BF
:1055A000854205D03C48854202D03C48854200D126
:1055B00004E04FF4A1613A48FAF7F2FD142C05D04B
:1055C000182C03D01C2C01D0202C00D104E040F278
:1055D00009513348FAF7E4FDB6F5805F00DA04E0DC
:1055E00040F20A512E48FAF7DBFD0095009820445E
:1055F000009000980660F8BD70B505460C46002680
:105600002448854205D02448854202D0234885425B
:1056100000D104E040F22E512148FAF7C1FD64B3F5
:10562000B4F5803F29D0B4F5003F26D0B4F5403F13
:1056300023D0B4F5802F20D0B4F5A02F1DD0B4F521
:10564000C02F1AD0B4F5E02F17D0B4F5002F14D026
:10565000B4F5102F11D0B4F5202F0ED0B4F5302FA3
:105660000BD0B4F5402F08D0B4F5502F05D0B4F5C9
:10567000602F02D0B4F5702F00D104E040F22F511A
:105680000748FAF78DFDAE6826F470262643AE6013
:1056900070BD0000002001400021014000220140B7
:1056A000B4CF00080823014070B504460D4600261B
:1056B000E148844205D0E148844202D0E048844277
:1056C00000D104E04FF4AA61DE48FAF769FD45B164
:1056D000B5F5801F05D0B5F5001F02D0B5F5401F08
:1056E00000D104E040F25151D648FAF759FDA668BE
:1056F00026F440162E43A66070BD10B50446CE4871
:10570000844205D0CD48844202D0CD48844200D1A5
:1057100004E040F26451CB48FAF742FDA06840F43F
:105720008000A06010BD70B504460025C2488442C8
:1057300005D0C248844202D0C148844200D104E06E
:1057400040F27251BF48FAF72BFDA06800F48000C8
:1057500008B1012500E00025284670BD70B504465B
:105760000D46B548844205D0B448844202D0B448BE
:10577000844200D104E040F28E51B248FAF710FDA5
:105780000DB1012D00D104E040F28F51AD48FAF780
:1057900007FD25B1606840F48060606003E06068E8
:1057A00020F48060606070BD70B504460D46A2486C
:1057B000844205D0A148844202D0A148844200D14D
:1057C00004E04FF4B5619F48FAF7EAFC0DB1012DF2
:1057D00000D104E040F2A9519A48FAF7E1FC25B162
:1057E000606840F48050606003E0606820F480509E
:1057F000606070BD38B505460C46002000908E48AC
:10580000854205D08D48854202D08D48854200D121
:1058100004E040F2C6518B48FAF7C2FC142C05D0C4
:10582000182C03D01C2C01D0202C00D104E040F215
:10583000C7518448FAF7B4FC009504F12800009998
:10584000084400900098006880B238BD2DE9F0410E
:1058500004460D46164600277748844205D077480F
:10586000844202D07648844200D104E040F23161A3
:105870007448FAF795FC0EB1012E00D104E040F215
:1058800032617048FAF78CFC40F2052085420AD05C
:10589000B5F5837F07D040F20740854203D042F23E
:1058A0001A00854200D104E040F233616548FAF7FE
:1058B00077FCEFB2012000FA07F71EB160683843A9
:1058C000606002E06068B8436060BDE8F08170B578
:1058D00005460C4600265848854205D05748854263
:1058E00002D05748854200D104E040F25661554845
:1058F000FAF756FC012C09D0022C07D0042C05D055
:10590000082C03D0102C01D0202C00D104E040F250
:1059100057614C48FAF744FC2868204008B101263A
:1059200000E00026304670BD70B504460D46424882
:10593000844205D04148844202D04148844200D18B
:1059400004E04FF4CF613F48FAF72AFC05F0C000AD
:1059500008B905B104E040F279613A48FAF720FC51
:10596000E843206070BD2DE9F04105460C46002655
:105970000027B0463048854205D03048854202D0E5
:105980002F48854200D104E04FF4D2612D48FAF748
:1059900007FC40F2052084420AD0B4F5837F07D08B
:1059A00040F20740844203D042F21A00844200D100
:1059B00004E040F291612348FAF7F2FB271268688D
:1059C0000121A14000EA01082868384020B1B8F15F
:1059D000000F01D0012600E000263046BDE8F0812E
:1059E00070B505460C4600261348854205D013487D
:1059F000854202D01248854200D104E040F2B761EE
:105A00001048FAF7CDFB40F2052084420AD0B4F5E5
:105A1000837F07D040F20740844203D042F21A004D
:105A2000844200D104E04FF4D7610648FAF7B8FB8E
:105A30002612F043286070BD002001400021014083
:105A400000220140B4CF000810B50446FE4884424D
:105A50003AD0FD481830844236D0FB48303084427A
:105A600032D0F948483084422ED0F7486030844222
:105A70002AD0F5487830844226D0F34890308442CA
:105A800022D0F148A83084421ED0F04884421BD076
:105A9000EE481830844217D0EC483030844213D09E
:105AA000EA48483084420FD0E848603084420BD046
:105AB000E6487830844207D0E4489030844203D0EE
:105AC000E248A830844200D103E0BF21E048FAF761
:105AD00067FB206820F001002060002020606060EB
:105AE000A060E060206121206061D748844204D139
:105AF0003D20D549103988608CE0D3481830844265
:105B000005D14FF47460D0491039886082E0CE48E6
:105B10003030844205D14FF47410CB49103988607D
:105B200078E0C9484830844205D14FF07460C649D6
:105B3000103988606EE0C4486030844204D1C548A2
:105B4000C1491039C86065E0BF487830844204D14B
:105B5000C148BD491039C8605CE0BB489030844200
:105B600004D1BE48B8491039C86053E0B648A830DF
:105B7000844205D14FF03D50B3491039C86049E027
:105B8000B248844204D13D20B0490839086041E060
:105B9000AE481830844205D14FF47460AB490839DF
:105BA000086037E0A9483030844205D14FF47410C2
:105BB000A649083908602DE0A4484830844205D140
:105BC0004FF07460A1490839086023E09F486030B5
:105BD000844204D19F489D49091F08601AE09B48F0
:105BE0007830844204D19C489849091F086011E02C
:105BF00096489030844204D198489449091F08601F
:105C000008E09248A830844204D14FF03D508F49BB
:105C1000091F086010BD70B505460C4600268A486D
:105C200085423AD088481830854236D08648303090
:105C3000854232D08448483085422ED08248603038
:105C400085422AD080487830854226D07E489030E0
:105C5000854222D07C48A83085421ED07B488542B0
:105C60001BD07A481830854217D0784830308542AA
:105C700013D07648483085420FD074486030854252
:105C80000BD072487830854207D0704890308542FA
:105C900003D06E48A830854200D104E04FF49E71D5
:105CA0006B48FAF77DFA2068D8B12068B0F1007F20
:105CB00017D02068B0F1806F13D02068B0F1C06FAA
:105CC0000FD02068B0F1006F0BD02068B0F1206FCA
:105CD00007D02068B0F1406F03D02068B0F1606F4A
:105CE00000D104E040F23D115948FAF759FAE06852
:105CF00028B1E068402802D0E068802800D104E0A4
:105D00004FF49F715248FAF74BFA206920B120698D
:105D1000B0F5803F00D204E040F23F114C48FAF762
:105D20003FFA6069B0F5007F01D0606900B904E016
:105D30004FF4A0714648FAF733FAA069B0F5806FC6
:105D400001D0A06900B904E040F241114048FAF7DF
:105D500027FAE06938B1E069B0F5006F03D0E06977
:105D6000B0F5805F00D104E04FF4A1713848FAF734
:105D700017FA206A38B1206AB0F5005F03D0206AB4
:105D8000B0F5804F00D104E040F243113048FAF7FB
:105D900007FA606A18B1606AB0F5807F00D104E04C
:105DA0004FF4A2712A48FAF7FBF9A06A58B1A06A29
:105DB000B0F5803F07D0A06AB0F5003F03D0A06ADD
:105DC000B0F5403F00D104E040F245112048FAF719
:105DD000E7F9E06A10B1E06A042800D104E04FF46A
:105DE000A3711B48FAF7DCF9206B40B1206B012846
:105DF00005D0206B022802D0206B032800D104E0DC
:105E000040F247111248FAF7CBF9606B58B1606B5A
:105E1000B0F5000F07D0606BB0F1807F03D0606BEE
:105E2000B0F1C07F00D104E04FF4A4710848FAF744
:105E3000B7F9A06BC0B1A06BB0F5001F14D0A06B78
:105E4000B0F5800F10D00BE01060024010640240EB
:105E500008D000083D000020400F002000003D2039
:105E6000A06BB0F5C00F00D104E040F24911FE482C
:105E7000FAF796F92E68FD480640E1682068084365
:105E800061690843A1690843E1690843216A08433D
:105E9000616A0843A16A0843616B0843A16B084328
:105EA00006432E606E6926F00706D4E90B0108430D
:105EB00006436E61206968606068A860A068E86059
:105EC00070BD0021016041608160C160016141617C
:105ED0008161C161016241628162C16201634163AA
:105EE0008163704770B504460D46E14884423AD05C
:105EF000DF481830844236D0DD483030844232D01A
:105F0000DB48483084422ED0D948603084422AD0C1
:105F1000D7487830844226D0D5489030844222D069
:105F2000D348A83084421ED0D24884421BD0D148E6
:105F30001830844217D0CF483030844213D0CD4837
:105F4000483084420FD0CB48603084420BD0C948DF
:105F50007830844207D0C7489030844203D0C54887
:105F6000A830844200D104E040F2D911BE48FAF7CB
:105F700017F90DB1012D00D104E04FF4ED71BA48CD
:105F8000FAF70EF925B1206840F00100206003E027
:105F9000206820F00100206070BD70B504460D46F9
:105FA000B34884423AD0B2481830844236D0B04820
:105FB0003030844232D0AE48483084422ED0AC4893
:105FC000603084422AD0AA487830844226D0A8483B
:105FD0009030844222D0A648A83084421ED0A548E2
:105FE00084421BD0A3481830844217D0A1483030D7
:105FF000844213D09F48483084420FD09D4860307F
:1060000084420BD09B487830844207D09948903026
:10601000844203D09748A830844200D104E040F283
:10602000FD119148FAF7BCF815B1B5F5004F00D154
:1060300004E04FF4FF718C48FAF7B2F825B12068FC
:1060400040F40040206003E0206820F4004020601D
:1060500070BD70B504460D46854884423AD08448E8
:106060001830844236D082483030844232D0804862
:10607000483084422ED07E48603084422AD07C480A
:106080007830844226D07A489030844222D07848B2
:10609000A83084421ED0774884421BD075481830FF
:1060A000844217D073483030844213D0714848304E
:1060B00084420FD06F48603084420BD06D487830F6
:1060C000844207D06B489030844203D06948A8309E
:1060D000844200D104E040F221216348FAF760F8DD
:1060E0000DB1202D00D104E040F222215E48FAF7E4
:1060F00057F825B1206840F02000206003E02068B8
:1061000020F02000206070BD70B504460D46584850
:1061100084423AD056481830844236D05448303001
:10612000844232D05248483084422ED050486030A9
:1061300084422AD04E487830844226D04C48903051
:10614000844222D04A48A83084421ED04948844222
:106150001BD048481830844217D04648303084421B
:1061600013D04448483084420FD0424860308442C3
:106170000BD040487830844207D03E48903084426B
:1061800003D03C48A830844200D104E040F275219D
:106190003548FAF705F8656070BD10B50446344817
:1061A00084423AD032481830844236D030483030B9
:1061B000844232D02E48483084422ED02C48603061
:1061C00084422AD02A487830844226D02848903009
:1061D000844222D02648A83084421ED025488442DA
:1061E0001BD024481830844217D0224830308442D3
:1061F00013D02048483084420FD01E48603084427B
:106200000BD01C487830844207D01A489030844222
:1062100003D01848A830844200D104E04FF4217123
:106220001148F9F7BDFF606880B210BD70B5044633
:106230000E4615460E48844242D00D48183084421E
:106240003ED00B48303084423AD00948483084422E
:1062500036D007486030844232D0054878308442D6
:106260002ED00348903007E008D000083F801CF093
:106270001060024010640240844221D0FE488442F3
:106280001ED0FE4884421BD0FC481830844217D0F0
:10629000FA483030844213D0F848483084420FD056
:1062A000F648603084420BD0F4487830844207D0FE
:1062B000F2489030844203D0F048A830844200D1A4
:1062C00004E040F2D221EE48F9F76AFF15B1B5F5C6
:1062D000002F00D104E040F2D321E948F9F760FF34
:1062E00025B1206840F40020206003E0206820F4FD
:1062F00000202060266170BD70B504460D46DE4862
:10630000A838844239D0DC489038844235D0DA4805
:106310007838844231D0D848603884422DD0D6486D
:106320004838844229D0D4483038844225D0D248D5
:106330001838844221D0D04884421ED0CF488442AD
:106340001BD0CE481830844217D0CC48303084421D
:1063500013D0CA48483084420FD0C84860308442C5
:106360000BD0C6487830844207D0C448903084426D
:1063700003D0C248A830844200D104E04FF43C71FD
:10638000BF48F9F70DFF0DB1012D00D104E040F237
:10639000F121BB48F9F704FF25B1206840F48020C3
:1063A000206003E0206820F48020206070BD70B57C
:1063B00004460E461546B048A838844239D0AE4847
:1063C0009038844235D0AC487838844231D0AA48DD
:1063D000603884422DD0A8484838844229D0A64845
:1063E0003038844225D0A4481838844221D0A248AD
:1063F00084421ED0A14884421BD0A0481830844259
:1064000017D09E483030844213D09C484830844294
:106410000FD09A48603084420BD09848783084423C
:1064200007D096489030844203D09448A8308442E4
:1064300000D104E040F21A319148F9F7B1FE15B1EC
:10644000B5F5002F00D104E040F21B318C48F9F77C
:10645000A7FE0DB1266100E0E66070BD70B5044690
:1064600000258548A838844239D083489038844232
:1064700035D081487838844231D07F4860388442B2
:106480002DD07D484838844229D07B48303884421A
:1064900025D079481838844221D0774884421ED0CC
:1064A000764884421BD075481830844217D0734810
:1064B0003030844213D07148483084420FD06F4846
:1064C000603084420BD06D487830844207D06B48EE
:1064D0009030844203D06948A830844200D104E05F
:1064E00040F235316648F9F75BFE206800F4002081
:1064F00008B1012500E00025284670BD70B50446AE
:1065000000255D48A838844239D05B4890388442E1
:1065100035D059487838844231D057486038844261
:106520002DD055484838844229D0534830388442C9
:1065300025D051481838844221D04F4884421ED07B
:106540004E4884421BD04D481830844217D04B48E7
:106550003030844213D04948483084420FD04748F5
:10656000603084420BD045487830844207D043489D
:106570009030844203D04148A830844200D104E0E6
:1065800040F2A2313E48F9F70BFE206800F001000E
:1065900008B1012500E00025284670BD70B504460D
:1065A00000253548A838844239D033489038844291
:1065B00035D031487838844231D02F486038844211
:1065C0002DD02D484838844229D02B483038844279
:1065D00025D029481838844221D0274884421ED02B
:1065E000264884421BD025481830844217D02348BF
:1065F0003030844213D02148483084420FD01F48A5
:10660000603084420BD01D487830844207D01B484C
:106610009030844203D01948A830844200D104E06D
:106620004FF471711648F9F7BBFD606900F0380549
:10663000284670BD2DE9F04105460C464FF0000894
:1066400000270D48A838854240D00B489038854235
:106650003CD009487838854238D0074860388542B0
:1066600034D005484838854230D003483038854218
:106670002CD00148183805E0B86002401064024090
:1066800008D00008854221D0F94885421ED0F9483B
:1066900085421BD0F7481830854217D0F548303076
:1066A000854213D0F348483085420FD0F14860301E
:1066B00085420BD0EF487830854207D0ED489030C6
:1066C000854203D0EB48A830854200D104E040F277
:1066D000E131E948F9F764FDE84884427CD0E748B5
:1066E0001038844278D0E5481838844274D0E448A1
:1066F000844271D0C01E84426ED0E24884426BD086
:10670000E148844268D0E148844265D0DB48E0300B
:10671000844261D0D948203084425DD0B4F1815F99
:106720005AD0DB48844257D0DA48844254D0DA4801
:10673000844251D0D94884424ED0B4F1C05F4BD08E
:10674000B4F1A05F48D0B4F1905F45D0B4F1885F58
:1067500042D0B4F1825F3FD0D14884423CD0D0488F
:106760001038844238D0CE481838844234D0001FC4
:10677000844231D0C01E84422ED0CA4884422BD0DD
:10678000C948844228D0C948844225D0C448E03052
:10679000844221D0C248203084421DD0C448844263
:1067A0001AD0C448844217D0C348844214D0C34886
:1067B000844211D0C24884420ED0B4F1205F0BD085
:1067C000B4F1105F08D0B4F1085F05D0B4F1045FF4
:1067D00002D0B4F1015F00D104E040F2E231A648FA
:1067E000F9F7DEFCA348854202D2A14EB83E01E093
:1067F000A04E103E04F0005008B1776800E0376802
:10680000B048074007EA040010B14FF0010801E06A
:106810004FF000084046BDE8F08170B504460D46D3
:106820009348A838844239D091489038844235D072
:106830008F487838844231D08D48603884422DD0DA
:106840008B484838844229D089483038844225D042
:1068500087481838844221D0854884421ED0854814
:1068600084421BD083481830844217D0814830308E
:10687000844213D07F48483084420FD07D48603036
:1068800084420BD07B487830844207D079489030DE
:10689000844203D07748A830844200D104E040F21B
:1068A00022417548F9F77CFC05F04050B0F1405F9B
:1068B00007D005F0405020B18348284008B905B101
:1068C00004E040F223416C48F9F76AFC69488442CD
:1068D00002D2674EB83E01E0664E103E05F0005011
:1068E00018B178482840F06002E076482840B0604F
:1068F00070BD70B504460D4616465D48A838844202
:1069000039D05B489038844235D059487838844231
:1069100031D05748603884422DD055484838844299
:1069200029D053483038844225D051481838844201
:1069300021D04F4884421ED04E4884421BD04D483F
:106940001830844217D04B483030844213D0494825
:10695000483084420FD04748603084420BD04548CD
:106960007830844207D043489030844203D0414875
:10697000A830844200D104E040F24F413E48F9F78C
:106980000FFC25F09E0008B905B104E04FF48A61C0
:106990003948F9F705FC0EB1012E00D104E040F2B0
:1069A00051413548F9F7FCFB05F0800048B126B1AC
:1069B000606940F08000606103E0606920F0800061
:1069C0006061802D0BD02EB1206805F01E010843B8
:1069D000206004E0206805F01E018843206070BD3F
:1069E0002DE9F04705460C464FF000080027B94650
:1069F0001F48A838854239D01D489038854235D087
:106A00001B487838854231D01948603885422DD0EE
:106A100017484838854229D015483038854225D056
:106A200013481838854221D0114885421ED011489C
:106A300085421BD00F481830854217D00D483030A2
:106A4000854213D00B48483085420FD0094860304A
:106A500085420BD007487830854207D005489030F2
:106A6000854203D00348A83085422FD133E000008F
:106A7000B86002401064024008D0000820000010F6
:106A80000400801000080010000400100002001034
:106A90000000101000000810000004100000011099
:106AA0002000002000080020000400200002002038
:106AB000000020200000102000000820000004201A
:106AC000000001207D0F7D0F82F082C040F28741DF
:106AD0008D48F9F765FB8D48844278D08C48844214
:106AE00075D08C48844272D08B4884426FD08B48DA
:106AF00084426CD08A48844269D08A48844266D0F5
:106B00008948844263D08448FC3084425FD0834803
:106B10003F3084425BD08548844258D084488442C8
:106B200055D08448844252D0834884424FD0834811
:106B300084424CD08248844249D08248844246D024
:106B40008148844243D08148844240D08048844276
:106B50003DD0804884423AD07F48844237D07F4835
:106B6000844234D07E48844231D07E4884422ED044
:106B70007D4884422BD07D48844228D07C48844282
:106B800025D07748FC30844221D076483F3084427B
:106B90001DD0784884421AD07748844217D077486D
:106BA000844214D07648844211D0764884420ED074
:106BB000754884420BD07548844208D0744884429A
:106BC00005D07448844202D07348844200D104E066
:106BD0004FF491614C48F9F7E3FA7048854201D2CD
:106BE0006F4E01E06D4E103E6E48204030B11E20C9
:106BF00000EAD427286800EA070902E0686900F083
:106C0000800904F0005008B1776800E037686648F2
:106C1000074007EA040028B1B9F1000F02D04FF095
:106C2000010801E04FF000084046BDE8F08770B56C
:106C300004460D465A48103084423AD0584828300D
:106C4000844236D056484030844232D0544858307E
:106C500084422ED05248703084422AD05048883026
:106C6000844226D04E48A030844222D04C48B830CE
:106C700084421ED0494884421BD048481830844280
:106C800017D046483030844213D0444848308442BC
:106C90000FD04248603084420BD040487830844264
:106CA00007D03E489030844203D03C48A83084420C
:106CB00000D104E040F2D7411348F9F771FA05F02A
:106CC0004050B0F1405F07D005F0405020B11DB1F9
:106CD0003648284000B904E04FF49B610A48F9F7B0
:106CE0005FFA2E48844201D22D4E01E02B4E103E19
:106CF00005F0005018B12C482840F06002E02A4806
:106D00002840B06070BD000008D00008208000104E
:106D10001040001008200010041000100100009026
:106D20000088001000440010002200100080201095
:106D30000040101000200810001004100000019006
:106D40000080001800400014002000120010001104
:106D500000004090208000201040002008200020EB
:106D600004100020010000A0008800200044002042
:106D70000022002000802020004010200020082059
:106D800000100420000001A0008000280040002422
:106D90000020002200100021000040A010640240EA
:106DA000006002403C0F3C0F7D0F7D0F820082404F
:106DB0000020B1490860091D0860091D0860091D0F
:106DC0000860AE48AC4914310860704770B504469D
:106DD0000025207910B12079042800D103E07C211E
:106DE000A748F9F7DDF96079082805D060790C2803
:106DF00002D06079102800D103E07D21A048F9F786
:106E0000CFF920686FF3160010B9206800B103E0D5
:106E10007E219B48F9F7C4F9A07910B1A079012827
:106E200000D103E07F219648F9F7BAF9924DA07995
:106E300090B3284600682168884329460860081DE9
:106E4000006821688843291D086020790544286866
:106E50002168084328608848083000682168884312
:106E6000854908310860081D006821688843824907
:106E70000C310860607910280FD1081F0068216864
:106E800008437D4908310860081D006821680843EF
:106E900079490C3108600EE007E0774D60790544D0
:106EA000286821680843286005E02079054428689F
:106EB00021688843286070BD0021016001710C21A8
:106EC000417100218171704710B50446E00DC00585
:106ED00008B904B103E0C1216948F9F761F96648CE
:106EE00010300068204364491031086010BD70B54F
:106EF00004460025012C3AD0022C38D0042C36D080
:106F0000082C34D0102C32D0202C30D0402C2ED055
:106F1000802C2CD0B4F5807F29D0B4F5007F26D00A
:106F2000B4F5806F23D0B4F5006F20D0B4F5805F46
:106F30001DD0B4F5005F1AD0B4F5804F17D0B4F56A
:106F4000004F14D0B4F5803F11D0B4F5003F0ED0FF
:106F5000B4F5802F0BD0B4F5002F08D0B4F5801F06
:106F600005D0B4F5001F02D0B4F5800F00D103E0C6
:106F7000E0214348F9F714F93F48143000682040F5
:106F800008B1012500E00025284670BD10B5044673
:106F9000E00DC00508B904B103E0F6213848F9F75F
:106FA000FFF835481430046010BD70B50446002564
:106FB0000026012C3AD0022C38D0042C36D0082CD4
:106FC00034D0102C32D0202C30D0402C2ED0802C1D
:106FD0002CD0B4F5807F29D0B4F5007F26D0B4F54D
:106FE000806F23D0B4F5006F20D0B4F5805F1DD042
:106FF000B4F5005F1AD0B4F5804F17D0B4F5004F48
:1070000014D0B4F5803F11D0B4F5003F0ED0B4F5E4
:10701000802F0BD0B4F5002F08D0B4F5801F05D019
:10702000B4F5001F02D0B4F5800F00D104E04FF496
:1070300083711348F9F7B4F80F48006800EA0406B2
:107040000D4814300068204010B10EB1012500E059
:107050000025284670BD10B50446E00DC00508B9EE
:1070600004B104E040F21D110548F9F799F802480F
:107070001430046010BD0000003C0140FFFF7F00A1
:107080005CD0000810B50446FA48844217D0FA488C
:10709000844214D0F948844211D0F94884420ED079
:1070A000F84884420BD0F848844208D0F74884421C
:1070B00005D0F748844202D0F648844200D103E06C
:1070C0007B21F548F9F76CF8EA48844208D10121A0
:1070D000084601F0C1F80021012001F0BDF85EE092
:1070E000E548844208D10121022001F0B5F80021D1
:1070F000022001F0B1F852E0E048844208D10121B9
:10710000042001F0A9F80021042001F0A5F846E0D0
:10711000DB48844208D10121082001F09DF80021BC
:10712000082001F099F83AE0D648844208D10121BC
:10713000102001F091F80021102001F08DF82EE0D0
:10714000D148844208D10121202001F085F8002196
:10715000202001F081F822E0CC48844208D10121AE
:10716000402001F079F80021402001F075F816E088
:10717000C748844208D10121802001F06DF8002128
:10718000802001F069F80AE0C248844207D1012159
:10719000801501F061F80021A01501F05DF810BD27
:1071A0002DE9F04104460D4600260027B046B148BF
:1071B000844217D0B048844214D0B048844211D0E1
:1071C000AF4884420ED0AF4884420BD0AE488442D0
:1071D00008D0AE48844205D0AD48844202D0AD48C4
:1071E000844200D103E0BB21AB48F8F7D9FF00206F
:1071F00010B9286800B103E0BC21A748F8F7D0FF18
:10720000287940B12879012805D02879022802D0B0
:107210002879032800D103E0BD219F48F8F7C0FF7B
:10722000E87928B1E879012802D0E879022800D16C
:1072300003E0BE219848F8F7B3FF002657E001208D
:1072400000FA06F7286800EA0708B8454ED120681A
:1072500072000321914088432060287971008840A2
:107260002168084320602879012802D02879022863
:1072700030D1687940B16879012805D06879022851
:1072800002D06879032800D103E0D0218248F8F7C2
:1072900087FFA0687200032191408843A06068794D
:1072A00071008840A1680843A060A87910B1A8794E
:1072B000012800D103E0D7217748F8F771FF616812
:1072C0000120B040814361606068A979B14089B212
:1072D00008436060E0687200032191408843E060E9
:1072E000E87971008840E1680843E060761C102E60
:1072F000A5D3BDE8F0814FF6FF7101600021017157
:1073000041718171C171704738B504460D464FF423
:10731000803000905748844217D05748844214D098
:107320005648844211D0564884420ED05548844273
:107330000BD05548844208D05448844205D0544864
:10734000844202D05348844200D104E04FF4827159
:107350005148F8F725FF002008B905B104E040F2D4
:1073600005114D48F8F71CFF00982843009000983D
:10737000E061E5610098E061E0690090E0690090FB
:1073800038BD70B505460C4600263A48854217D0F0
:107390003948854214D03948854211D03848854251
:1073A0000ED0384885420BD03748854208D0374840
:1073B000854205D03648854202D03648854200D104
:1073C00004E04FF498713448F8F7EAFE012C25D018
:1073D000022C23D0042C21D0082C1FD0102C1DD01F
:1073E000202C1BD0402C19D0802C17D0B4F5807FD6
:1073F00014D0B4F5007F11D0B4F5806F0ED0B4F581
:10740000006F0BD0B4F5805F08D0B4F5005F05D0F5
:10741000B4F5804F02D0B4F5004F00D104E040F243
:1074200031111D48F8F7BCFE2869204008B101263B
:1074300000E00026304670BD10B504460D48844279
:1074400017D00D48844214D00C48844211D00C4807
:1074500084420ED00B4884420BD00B48844208D0A3
:107460000A48844205D00A48844202D0094884422E
:1074700014D118E00000024000040240000802405D
:10748000000C0240001002400014024000180240AC
:10749000001C024000200240B0D000084FF4A3714D
:1074A000FE48F8F77DFE206980B210BD70B5054634
:1074B0000C460026FA48854217D0FA48854214D077
:1074C000F948854211D0F94885420ED0F8488542E6
:1074D0000BD0F848854208D0F748854205D0F748D8
:1074E000854202D0F648854200D104E040F25711AF
:1074F000EA48F8F755FE012C25D0022C23D0042CA5
:1075000021D0082C1FD0102C1DD0202C1BD0402C9B
:1075100019D0802C17D0B4F5807F14D0B4F5007F3B
:1075200011D0B4F5806F0ED0B4F5006F0BD0B4F568
:10753000805F08D0B4F5005F05D0B4F5804F02D06D
:10754000B4F5004F00D104E04FF4AC71D348F8F724
:1075500027FE6869204008B1012600E00026304679
:1075600070BD10B50446CE48844217D0CD48844241
:1075700014D0CD48844211D0CC4884420ED0CC489F
:1075800084420BD0CB48844208D0CB48844205D0FB
:10759000CA48844202D0CA48844200D104E040F282
:1075A0006D11BE48F8F7FCFD606980B210BD70B582
:1075B00004460D46BA48844217D0BA48844214D0D3
:1075C000B948844211D0B94884420ED0B8488442A8
:1075D0000BD0B848844208D0B748844205D0B74899
:1075E000844202D0B648844200D104E040F27F11C8
:1075F000AA48F8F7D5FD002008B905B104E04FF41A
:10760000C071A648F8F7CCFD258370BD70B504465F
:107610000D46A348844217D0A248844214D0A24801
:10762000844211D0A14884420ED0A14884420BD09C
:10763000A048844208D0A048844205D09F48844294
:1076400002D09F48844200D104E04FF4C9719348AE
:10765000F8F7A6FD002008B905B104E040F2931147
:107660008E48F8F79DFD658370BD70B505460C46E4
:1076700016468B48854217D08A48854214D08A48DE
:10768000854211D0894885420ED0894885420BD069
:107690008848854208D08848854205D08748854279
:1076A00002D08748854200D104E04FF4D3717B4873
:1076B000F8F776FD012C25D0022C23D0042C21D004
:1076C000082C1FD0102C1DD0202C1BD0402C19D0E2
:1076D000802C17D0B4F5807F14D0B4F5007F11D082
:1076E000B4F5806F0ED0B4F5006F0BD0B4F5805FA9
:1076F00008D0B4F5005F05D0B4F5804F02D0B4F5E2
:10770000004F00D104E040F2A7116448F8F748FDAB
:107710000EB1012E00D104E04FF4D4715F48F8F7A8
:107720003FFD0EB12C8300E06C8370BD70B5044644
:107730000D465B48844217D05A48844214D05A48B8
:10774000844211D0594884420ED0594884420BD00B
:107750005848844208D05848844205D0574884424B
:1077600002D05748844200D104E040F2BD114B489A
:10777000F8F716FD656170BD70B504460D464848C2
:10778000844217D04748844214D04748844211D0DD
:10779000464884420ED0464884420BD04548844235
:1077A00008D04548844205D04448844202D0444829
:1077B000844200D104E040F2CB113848F8F7F0FCE5
:1077C00060696840606170BD2DE9F04106460D4674
:1077D00014460027B8463248864217D031488642C0
:1077E00014D03148864211D0304886420ED03048FD
:1077F00086420BD02F48864208D02F48864205D0BB
:107800002E48864202D02E48864200D104E040F243
:1078100017212248F8F7C4FCEDB1012D1BD0022D31
:1078200019D0032D17D0042D15D0052D13D0062DFA
:1078300011D0072D0FD0082D0DD0092D0BD00A2DFA
:1078400009D00B2D07D00C2D05D00D2D03D00E2DFA
:1078500001D00F2D00D104E04FF406710F48F8F766
:107860009FFC7CB3092C47D064B35CB354B34CB3D6
:10787000012C41D040D0022C3ED03DD03CD0032C36
:107880003AD0042C38D037D036D0052C34D033D071
:10789000092C31D0062C2FD0092C14E0B0D00008D0
:1078A000000002400004024000080240000C0240B8
:1078B000001002400014024000180240001C024068
:1078C0000020024018E017D0072C15D014D013D098
:1078D000082C11D010D00FD0092C0DD00CD00A2CB0
:1078E0000AD009D00B2C07D00C2C05D004D003D023
:1078F0000D2C01D00F2C00D104E040F219211248C8
:10790000F8F74EFC6807C00E04FA00F7E91006F11C
:10791000200050F821006907CA0E0F2191408843CA
:10792000EA1006F1200141F82200E91006F12000DA
:1079300050F8210040EA0708E91006F1200040F85D
:107940002180BDE8F0810000B0D00008F94800684F
:1079500040F00100F74908600020F649083108604E
:10796000F4480068F4490840F2490860F348091DEA
:107970000860081F006820F48020091F08600020AC
:10798000EC490C310860704710B504461CB1012C5D
:1079900001D0052C00D103E0F021E948F8F700FC04
:1079A0000020E449891C08700846047010BD2DE9C8
:1079B000F0410446002500260027212C17D0312C49
:1079C00015D0392C13D0412C11D0612C0FD0792C2B
:1079D0000DD07A2C0BD07B2C09D07C2C07D07D2CA1
:1079E00005D07E2C03D07F2C01D03B2C00D104E0AD
:1079F00040F29C61D248F8F7D3FB6511012D02D10A
:107A0000CC48066808E0022D03D1CA4870300668E9
:107A100002E0C8487430066804F01F050120A84041
:107A2000304008B1012700E000273846BDE8F0816A
:107A300038B5002000900024002500BF3120FFF75A
:107A4000B6FF05460098401C00900098B0F5A06F66
:107A500001D0002DF2D03120FFF7A9FF08B1012499
:107A600000E00024204638BD70B5044600251F2CD8
:107A700000DC04E04FF49471B148F8F791FBAD4895
:107A8000056825F0F80545EAC405056070BD10B528
:107A900004460CB1012C00D104E040F24B11A8487F
:107AA000F8F77EFBA748046010BD10B504461CB172
:107AB000012C01D0042C00D104E04FF4B271A04895
:107AC000F8F76EFB00209B49703108700870012C9C
:107AD00002D0042C0AD104E00120964970310870CC
:107AE00005E0052093497031087000E000BF00BF39
:107AF00010BD10B504460CB1012C00D104E04FF4C8
:107B0000C6718F48F8F74CFB8F48046010BD2DE913
:107B1000F04105460F4616461C46DDF8188015B1A3
:107B2000B5F5800F00D104E040F2B7118448F8F7B2
:107B300037FB3F2F00D804E04FF4DC718048F8F7A2
:107B40002FFBC02E03D3B6F5D87F00D804E040F257
:107B5000B9117B48F8F724FB022C05D0042C03D084
:107B6000062C01D0082C00D104E04FF4DD717448DC
:107B7000F8F716FBB8F1040F03D3B8F10F0F00D8D4
:107B800004E040F2BB116E48F8F70AFB47EA8610A2
:107B90000121C1EB540140EA0140284340EA08605A
:107BA0006449091D0860BDE8F08110B504460CB1B8
:107BB000012C00D104E04FF4E7716148F8F7F0FAC6
:107BC0006048046610BD70B505460C46C02D03D351
:107BD000B5F5D87F00D804E04FF4F4715848F8F7B1
:107BE000DFFA022C02D3072C00D804E040F2E9119E
:107BF0005348F8F7D5FAA80140EA04704D4984319A
:107C0000086070BD10B504460CB1012C00D104E031
:107C100040F2F7114A48F8F7C3FA4A48846610BDA3
:107C200010B504460CB1012C00D104E040F209214A
:107C30004348F8F7B5FA4348C46410BD70B505462B
:107C40000C46002645B1B5F5001F05D0B5F5800FEF
:107C500002D0B5F5C00F00D104E04FF409713848E7
:107C6000F8F79EFA5CB1B4F1806F08D0B4F1A06F60
:107C700005D0B4F1C06F02D0B4F1E06F00D104E0E0
:107C800040F225212E48F8F78BFA2A48083006687A
:107C900026F0EC6645EA04000643264808300660F4
:107CA00070BD70B505460C46002645B1B5F1804F54
:107CB00005D0B5F1004F02D0B5F1404F00D104E03E
:107CC00040F24A211E48F8F76BFA5CB1B4F1005F4C
:107CD00008D0B4F1205F05D0B4F1405F02D0B4F118
:107CE000605F00D104E040F24B211548F8F758FAE4
:107CF00010480830066826F0784645EA0400064336
:107D00000C480830066070BD70B5044600251CB1F3
:107D1000012C01D0022C00D104E04FF42D71084851
:107D2000F8F73EFA03480830056825F003052543B7
:107D3000056070BD00380240FFFFF6FE10300024E1
:107D400004D1000800004742800E4742F648006810
:107D500000F00C00704770B5044600257CB1802C03
:107D60000DD0902C0BD0A02C09D0B02C07D0C02C5B
:107D700005D0D02C03D0E02C01D0F02C00D104E0B1
:107D800040F2E921E948F8F70BFAE748056825F0E1
:107D9000F0052543056070BD70B5044600255CB153
:107DA000B4F5805F08D0B4F5A05F05D0B4F5C05F2E
:107DB00002D0B4F5E05F00D104E040F20931DB48C5
:107DC000F8F7EEF9D848056825F4E0552543056035
:107DD00070BD70B5044600255CB1B4F5805F08D075
:107DE000B4F5A05F05D0B4F5C05F02D0B4F5E05F94
:107DF00000D104E04FF44A71CC48F8F7D1F9CA48F1
:107E0000056825F4604545EAC405056070BDF0B518
:107E1000002100220024022500260223C24F3F68D1
:107E200007F00C0121B1042905D0082937D105E05C
:107E3000BF4F076036E0BF4F076033E0BA4F3F1FC8
:107E40003F68C7F38056B84F3F1F3F6807F03F03B6
:107E50006EB1B84FB7FBF3F7DFF8CCC2ACF1040C4E
:107E6000DCF800C0CCF3881C07FB0CF40CE0B04F2E
:107E7000B7FBF3F7DFF8B0C2ACF1040CDCF800C0DC
:107E8000CCF3881C07FB0CF4A74F3F1F3F68C7F3D8
:107E900001477F1C7D00B4FBF5F7076002E0A44FAB
:107EA000076000BF00BFA04F3F6807F0F00109095D
:107EB000A14F7A5C0768D74047609B4F3F6807F443
:107EC000E051890A9C4F7A5C4768D7408760964F9B
:107ED0003F6807F46041490B974F7A5C4768D74089
:107EE000C760F0BD70B504460025B4F5807F5CD056
:107EF000B4F5007F59D09148844256D090488442CE
:107F000053D09048844250D08F4884424DD08F48FF
:107F100084424AD08E48844247D08E48844244D01E
:107F20008D48844241D08D4884423ED08C48844262
:107F30003BD08C48844238D08B48844235D08B4823
:107F4000844232D08A4884422FD08A4884422CD03E
:107F50008948844229D08948844226D0884884426E
:107F600023D08848844220D0874884421DD0874847
:107F700084421AD08648844217D08648844214D05E
:107F80008548844211D0854884420ED0844884427A
:107F90000BD08448844208D08348844205D083486B
:107FA000844202D08248844200D104E040F2D931B8
:107FB0005E48F8F7F5F804F44070B0F5407F09D159
:107FC0005948056825F4F8157A4904EA0100054383
:107FD00055480560544868300068C4F30B010843F5
:107FE00051496831086070BD10B504460CB1012CD0
:107FF00000D104E040F2F7314C48F8F7D1F86E4870
:10800000046010BD10B504460CB1012C00D104E091
:108010004FF481614548F8F7C3F86748001D0460D4
:1080200010BD10B504460CB1012C00D104E040F2A3
:1080300019413E48F8F7B4F86048046010BD70B5C7
:1080400004460D465E48204008B904B104E04FF4F0
:1080500088613648F8F7A4F80DB1012D00D104E08D
:1080600040F242413148F8F79BF83DB12E482830A4
:10807000006820432C492831086006E02A4828304F
:108080000068A04328492831086070BD70B50446D7
:108090000D4624F0F10008B904B104E04FF48C61FE
:1080A0002248F8F77DF80DB1012D00D104E040F22F
:1080B00061411E48F8F774F83DB11B482C30006848
:1080C000204319492C31086006E017482C3000681D
:1080D000A04315492C31086070BD70B504460D46AB
:1080E00024F0010008B904B104E040F27B410F48DC
:1080F000F8F756F80DB1012D00D104E040F27C41B3
:108100000A48F8F74DF83DB1074830300068204381
:1081100005493031086006E0034830300068A0436C
:1081200001493031086070BD0838024004D10008B0
:108130000024F40000127A00CC01002000030200A9
:108140000003030000030400000305000003060011
:1081500000030700000308000003090000030A00F1
:1081600000030B0000030C0000030D0000030E00D1
:1081700000030F00000310000003110000031200B1
:108180000003130000031400000315000003160091
:1081900000031700000318000003190000031A0071
:1081A00000031B0000031C0000031D0000031E0051
:1081B00000031F00FFFCFF0F3C0E47425C014742DB
:1081C00000EE8B8170B504460D46FA48204008B990
:1081D00004B104E040F2AD41F748F7F7E1FF0DB11B
:1081E000012D00D104E040F2AE41F348F7F7D8FF8B
:1081F0002DB1F24800682043F049086004E0EF48E0
:108200000068A043ED49086070BD70B504460D4696
:10821000EB48204008B904B104E040F2D541E648FB
:10822000F7F7BEFF0DB1012D00D104E040F2D641B9
:10823000E148F7F7B5FF3DB1E048001D0068204375
:10824000DE49091D086006E0DC48001D0068A04307
:10825000DA49091D086070BD70B504460D46D9485D
:10826000204008B904B104E040F2FC41D248F7F7DD
:1082700097FF0DB1012D00D104E040F2FD41CE4841
:10828000F7F78EFF3DB1CD48303800682043CB4929
:108290003039086006E0C94830380068A043C74953
:1082A0003039086070BD70B504460D4624F0F10009
:1082B00008B904B104E040F21951BF48F7F770FF64
:1082C0000DB1012D00D104E040F21A51BA48F7F780
:1082D00067FF3DB1B9482C3800682043B7492C39B5
:1082E000086006E0B5482C380068A043B3492C3933
:1082F000086070BD70B504460D4624F0010008B951
:1083000004B104E040F23151AB48F7F749FF0DB139
:10831000012D00D104E040F23251A748F7F740FFA9
:108320003DB1A648283800682043A4492839086090
:1083300006E0A24828380068A043A0492839086010
:1083400070BD70B504460D469A48204008B904B186
:1083500004E04FF4AC619848F7F722FF0DB1012D0E
:1083600000D104E040F261519348F7F719FF3DB1A5
:10837000924820380068204390492039086006E080
:108380008E4820380068A0438C492039086070BDB1
:1083900070B504460D468C48204008B904B104E08D
:1083A00040F284518448F7F7FBFE0DB1012D00D156
:1083B00004E040F285518048F7F7F2FE3DB17F4876
:1083C0001C38006820437D491C39086006E07B4862
:1083D0001C380068A04379491C39086070BD70B52D
:1083E00004460D467948204008B904B104E040F243
:1083F000B2517148F7F7D4FE0DB1012D00D104E060
:1084000040F2B3516C48F7F7CBFE3DB16B481030EA
:108410000068204369491031086006E06748103061
:108420000068A04365491031086070BD70B504460E
:108430000D4624F0F10008B904B104E040F2D25135
:108440005D48F7F7ADFE0DB1012D00D104E040F21B
:10845000D3515948F7F7A4FE3DB15848143000688D
:10846000204356491431086006E05448143000682F
:10847000A04352491431086070BD70B504460D46E2
:1084800024F0010008B904B104E040F2ED514A487B
:10849000F7F786FE0DB1012D00D104E040F2EE5158
:1084A0004548F7F77DFE3DB1444818300068204349
:1084B00042491831086006E0404818300068A0437F
:1084C0003E491831086070BD70B504460D46394804
:1084D000204008B904B104E040F21F613648F7F7C4
:1084E0005FFE0DB1012D00D104E04FF4C4613248AC
:1084F000F7F756FE3DB131482030006820432F4940
:108500002031086006E02D4820300068A0432B4948
:108510002031086070BD70B504460D4628482040E3
:1085200008B904B104E040F247612348F7F738FE88
:108530000DB1012D00D104E04FF4C9611E48F7F7D9
:108540002FFE3DB11D482430006820431B492431D3
:10855000086006E0194824300068A0431749243118
:10856000086070BD70B504460D4604F0C00008B93F
:1085700004B104E040F274610F48F7F711FE0DB149
:10858000012D00D104E040F275610B48F7F708FEB9
:108590003DB10A4833380078204308493339087020
:1085A00006E0064833380078A043044933390870A0
:1085B00070BD0000003601C904D1000840380240F7
:1085C000CCA0F8FF00EE9FDDCCA6F8FF006E9881EE
:1085D0001B48006840F0807019490860704770B50A
:1085E00004460025012C0BD0022C09D0042C07D006
:1085F000082C05D0102C03D0802C01D0202C00D1C9
:1086000004E040F2DA610F48F7F7CAFD0C48683819
:108610000068204008B1012500E00025284670BD13
:1086200010B5044604F0400008B904B104E040F27B
:10863000F9610448F7F7B4FD01486638047010BDCD
:108640007438024004D1000810B50446FE48844244
:1086500026D0B4F1804F23D0FC48844220D0FC487F
:1086600084421DD0FB4884421AD0FB48844217D074
:10867000FA48844214D0FA48844211D0F94884421E
:108680000ED0F94884420BD0F848844208D0F8480C
:10869000844205D0F748844202D0F748844200D192
:1086A00003E0C521F548F7F77BFDE748844208D190
:1086B00001210846FFF76CFE00210120FFF768FE4C
:1086C0009DE0B4F1804F08D101210846FFF739FE43
:1086D00000210120FFF735FE91E0DC48844208D1FB
:1086E00001210220FFF72DFE00210220FFF729FEC5
:1086F00085E0D748844208D101210420FFF721FEFC
:1087000000210420FFF71DFE79E0D248844208D101
:1087100001210820FFF715FE00210820FFF711FEB8
:108720006DE0CD48844208D101211020FFF709FEF9
:1087300000211020FFF705FE61E0C848844208D1FF
:1087400001212020FFF7FDFD00212020FFF7F9FD8A
:1087500055E0C348844208D101210220FFF718FEEA
:1087600000210220FFF714FE49E0BE48844209D1EF
:1087700001210804FFF70CFE00214FF48030FFF7C1
:1087800007FE3CE0B848844209D101214804FFF7C4
:10879000FFFD00214FF40030FFF7FAFD2FE0B34852
:1087A000844209D101218804FFF7F2FD00214FF432
:1087B0008020FFF7EDFD22E0AD48844208D1012181
:1087C0004020FFF7BEFD00214020FFF7BAFD16E074
:1087D000A848844208D101218020FFF7B2FD002182
:1087E0008020FFF7AEFD0AE0A348844207D10121B3
:1087F0008015FFF7A6FD0021A015FFF7A2FD10BD13
:1088000070B504460D4600268F48844226D0B4F148
:10881000804F23D08D48844220D08D4884421DD083
:108820008C4884421AD08C48844217D08B488442AA
:1088300014D08B48844211D08A4884420ED08A4892
:1088400084420BD08948844208D08948844205D0AC
:108850008848844202D08848844200D104E040F233
:108860001F118648F7F79CFC688858B16888102863
:1088700008D06888202805D06888402802D06888F9
:10888000602800D104E04FF490717C48F7F788FC31
:10889000288938B12889B0F5807F03D02889B0F5C0
:1088A000007F00D104E040F221117448F7F778FC12
:1088B0002688654884420ED0694884420BD0B4F1C2
:1088C000804F08D06148844205D06148844202D07C
:1088D0006048844204D14FF68F7006406888064392
:1088E0005D48844207D05D48844204D04FF6FF4083
:1088F00006402889064326806868E062288820852B
:108900005148844202D05648844201D1A87A208638
:108910000120A08270BD4FF0FF3141600021018035
:10892000018141808172704770B504460E4615463C
:108930004548844226D0B4F1804F23D04348844236
:1089400020D0434884421DD0424884421AD0424835
:10895000844217D04148844214D04148844211D007
:10896000404884420ED0404884420BD03F48844265
:1089700008D03F48844205D03E48844202D03E4859
:10898000844200D104E040F265113C48F7F708FC4E
:108990000DB1012D00D104E04FF4B3713748F7F762
:1089A000FFFB2685A58270BD70B504460D460026E6
:1089B000254884420ED0B4F1804F0BD02348844226
:1089C00008D02348844205D02248844202D024485B
:1089D000844200D104E04FF4BF712848F7F7E0FB70
:1089E0003DB1102D05D0202D03D0402D01D0602D9C
:1089F00000D104E040F27F112048F7F7D1FB268830
:108A00004FF68F7006402E43268070BD70B5044629
:108A10000D460D48844243D0B4F1804F40D00B48FE
:108A200084423DD00A4884423AD00A48844237D032
:108A30000948844234D00948844231D008488442ED
:108A40002ED0084884421BE0000001400004004092
:108A500000080040000C00400010004000140040DE
:108A60000004014000400140004401400048014032
:108A700000180040001C00400020004058D10008B1
:108A80000ED0FC4884420BD0FB48844208D0FB48FF
:108A9000844205D0FA48844202D0FA48844200D188
:108AA00004E04FF4CB71F848F7F77AFB656270BDCC
:108AB00070B504460D46F548844226D0B4F1804F87
:108AC00023D0F348844220D0F24884421DD0F2489B
:108AD00084421AD0F148844217D0F148844214D01D
:108AE000F048844211D0F04884420ED0E1488442DC
:108AF0000BD0E148844208D0E048844205D0E048E9
:108B0000844202D0DF48844200D104E040F2A51143
:108B1000DD48F7F745FBE56270BD10B50446DB485C
:108B2000844226D0B4F1804F23D0D948844220D04B
:108B3000D84884421DD0D84884421AD0D7488442AD
:108B400017D0D748844214D0D648844211D0D64892
:108B500084420ED0C74884420BD0C748844208D014
:108B6000C648844205D0C648844202D0C5488442E3
:108B700000D104E040F2B311C348F7F711FB606A7B
:108B800010BD10B50446C148844226D0B4F1804FD0
:108B900023D0BF48844220D0BE4884421DD0BE4866
:108BA00084421AD0BD48844217D0BD48844214D0B4
:108BB000BC48844211D0BC4884420ED0AD488442A7
:108BC0000BD0AD48844208D0AC48844205D0AC48B4
:108BD000844202D0AB48844200D104E040F2C1118B
:108BE000A948F7F7DDFA208D10BD70B504460D4693
:108BF000A648844226D0B4F1804F23D0A4488442B2
:108C000020D0A44884421DD0A34884421AD0A3484F
:108C1000844217D0A248844214D0A248844211D082
:108C2000A14884420ED0934884420BD0924884429B
:108C300008D09248844205D09148844202D091489D
:108C4000844200D104E040F2D1118F48F7F7A8FA2E
:108C50000DB1012D00D104E04FF4E9718A48F7F716
:108C60009FFA25B1208840F00200208004E020888F
:108C70004FF6FD710840208070BD70B504460D466A
:108C80008248844226D0B4F1804F23D08048844269
:108C900020D0804884421DD07F4884421AD07F482B
:108CA000844217D07E48844214D07E48844211D03A
:108CB0007D4884420ED06F4884420BD06E48844277
:108CC00008D06E48844205D06D48844202D06D4879
:108CD000844200D104E04FF4F7716B48F7F760FA73
:108CE0000DB1012D00D104E040F2EF116648F7F715
:108CF00057FA25B1208840F00400208004E0208845
:108D00004FF6FB710840208070BD70B504460D46DB
:108D10005E48844226D0B4F1804F23D05C48844220
:108D200020D05C4884421DD05B4884421AD05B4806
:108D3000844217D05A48844214D05A48844211D0F1
:108D4000594884420ED04B4884420BD04A48844252
:108D500008D04A48844205D04948844202D0494854
:108D6000844200D104E040F207214748F7F718FA9F
:108D70000DB1012D00D104E04FF402714248F7F724
:108D80000FFA25B1208840F08000208004E0208880
:108D90004FF67F710840208070BD70B504460D46C7
:108DA0003A48844226D0B4F1804F23D038488442D8
:108DB00020D0384884421DD0374884421AD03748E2
:108DC000844217D03648844214D03648844211D0A9
:108DD000354884420ED0274884420BD0264884422E
:108DE00008D02648844205D02548844202D0254830
:108DF000844200D104E040F222212348F7F7D0F961
:108E0000082D00D005B904E040F223211E48F7F7F1
:108E1000C7F920884FF6F771084020802088284342
:108E2000208070BD70B504460D461848844220D09D
:108E3000B4F1804F1DD0164884421AD015488442A0
:108E400017D01548844214D01648844211D01648D1
:108E500084420ED0074884420BD00748844208D091
:108E60000648844205D00648844202D00548844220
:108E70001CD120E00044014000480140001800409F
:108E8000001C00400020004058D1000800000140B4
:108E90000004004000080040000C004000100040AA
:108EA00000140040000401400040014040F239211C
:108EB000FC48F7F775F92DB1B5F5807F02D0B5F50F
:108EC000007F00D104E040F23A21F648F7F768F954
:108ED00020884FF6FF4108402080208828432080CA
:108EE00070BD70B504460D46EF48844226D0B4F1FB
:108EF000804F23D0ED48844220D0ED4884421DD0DD
:108F0000EC4884421AD0EC48844217D0EB488442A3
:108F100014D0EB48844211D0EA4884420ED0EA488B
:108F200084420BD0E948844208D0E948844205D005
:108F3000E848844202D0E848844200D104E040F28C
:108F40004D21D848F7F72CF90DB1012D00D104E0DF
:108F500040F24E21D348F7F723F925B1208840F09D
:108F60000100208004E020884FF6FE710840208038
:108F700070BD2DE9F04105460C464FF00008002673
:108F80000027C948854220D0B5F1804F1DD0C74881
:108F900085421AD0C648854217D0C648854214D0AB
:108FA000C748854211D0C74885420ED0C648854281
:108FB0000BD0C648854208D0C548854205D0C54873
:108FC000854202D0C448854200D104E040F29E218F
:108FD000B448F7F7E5F8208870B1208810280BD046
:108FE0002088202808D02088302805D020886028B4
:108FF00002D02088702800D104E040F29F21A948C7
:10900000F7F7CEF8608810B16088012800D104E03D
:109010004FF42871A348F7F7C3F8A08910B1A089CD
:10902000022800D104E040F2A1219E48F7F7B8F8E9
:10903000288C4FF6FE71084028842E8CAF88B5F836
:1090400018804FF68F7008EA0008881E08EA0008AA
:10905000208840EA0808481E0640A0890643608828
:1090600006439148854202D09548854241D1A08867
:1090700010B1A088042800D104E040F2BE21894844
:10908000F7F78EF8E08910B1E089082800D104E0F4
:1090900040F2BF218348F7F783F8608AB0F5007F7C
:1090A00001D0608A00B904E04FF430717D48F7F7D1
:1090B00077F8208AB0F5807F01D0208A00B904E0DB
:1090C00040F2C1217748F7F76BF84FF6F77006408A
:1090D000E08906434FF6FB700640A08806434FF632
:1090E000FF6007404FF6FF500740208A0743608A21
:1090F0000743AF80A5F81880A06868632E84BDE898
:10910000F0812DE9F04105460C464FF0000800269D
:1091100000276548854214D0B5F1804F11D06348CF
:1091200085420ED0624885420BD06248854208D005
:109130006348854205D06348854202D06448854231
:1091400000D104E040F2EF215648F7F729F82088D3
:1091500070B1208810280BD02088202808D02088C3
:10916000302805D02088602802D02088702800D1BF
:1091700004E04FF43C714B48F7F712F8608810B1E7
:109180006088012800D104E040F2F1214548F7F75A
:1091900007F8A08910B1A089022800D104E040F2AC
:1091A000F2214048F6F7FCFF288C4FF6EF7108409B
:1091B00028842E8CAF88B5F8188048F6FF7008EA2E
:1091C00000084FF6FF4008EA000820884FF6FF71BC
:1091D00001EA002040EA08084FF6DF700640A08947
:1091E00001EA00100643608801EA001006432E4899
:1091F000854202D0324885424BD1A08810B1A08868
:10920000042800D104E04FF444712648F6F7C8FF63
:10921000E08910B1E089082800D104E040F2113162
:109220002048F6F7BDFF608AB0F5007F01D0608A64
:1092300000B904E040F212311A48F6F7B1FF208A73
:10924000B0F5807F01D0208A00B904E040F21331EC
:109250001448F6F7A5FF4FF67F700640E0894FF6F9
:10926000FF7101EA001006434FF6BF700640A08868
:1092700001EA001006434FF6FF3007404FF2FF703F
:109280000740208A01EA80000743608A01EA8000E3
:109290000743AF80A5F81880A068A8632E84BDE8B6
:1092A000F081000058D10008000001400004004097
:1092B00000080040000C0040001000400014004076
:1092C00000040140004001400044014000480140CA
:1092D00000180040001C0040002000402DE9F04133
:1092E00005460C464FF0000800260027FE48854240
:1092F0000ED0B5F1804F0BD0FC48854208D0FC4819
:10930000854205D0FB48854202D0FB48854200D10A
:1093100004E04FF45071F948F6F742FF208870B12D
:10932000208810280BD02088202808D020883028BA
:1093300005D02088602802D02088702800D104E061
:1093400040F24131ED48F6F72BFF608810B160889C
:10935000012800D104E040F24231E848F6F720FF4E
:10936000A08910B1A089022800D104E040F2433165
:10937000E248F6F715FF288C4FF6FF610840288475
:109380002E8CAF88B5F81C804FF68F7008EA000865
:109390004FF6FC7008EA0008208840EA08084FF6FB
:1093A000FF500640A0894FF6FF7101EA00200643F6
:1093B000608801EA00200643CB48854202D0CE48AF
:1093C00085424BD1A08810B1A088042800D104E0C8
:1093D0004FF45871C948F6F7E3FEE08910B1E0890F
:1093E000082800D104E040F26131C448F6F7D8FE05
:1093F000608AB0F5007F01D0608A00B904E040F2D5
:109400006231BE48F6F7CCFE208AB0F5807F01D0ED
:10941000208A00B904E040F26331B848F6F7C0FE94
:109420004FF2FF700640E0894FF6FF7101EA00201D
:1094300006434FF6FF300640A08801EA00200643AD
:109440004EF6FF7007404DF6FF700740208A01EA94
:1094500000100743608A01EA00100743AF80A5F8B7
:109460001C80A068E8632E84BDE8F0812DE9F041FE
:1094700004460D4600270026B0469B4884420ED085
:10948000B4F1804F0BD09948844208D09848844268
:1094900005D09848844202D09748844200D104E025
:1094A0004FF464719548F6F77BFE288870B12888E0
:1094B00010280BD02888202808D02888302805D0EC
:1094C0002888602802D02888702800D104E040F263
:1094D00091318A48F6F764FE688810B168880128DF
:1094E00000D104E040F292318448F6F759FEA88991
:1094F00010B1A889022800D104E040F293317F48DE
:10950000F6F74EFE208C4EF6FF7108402084268C24
:10951000B4F80480A78B48F6FF7007404FF6FF4071
:10952000074028884FF6FF7101EA002007434DF6F7
:10953000FF700640A88901EA00300643688801EA06
:10954000003006436848844202D06B48844216D1FA
:10955000288AB0F5807F01D0288A00B904E040F263
:10956000B1316648F6F71CFE4BF6FF7008EA0008BA
:10957000288A4FF6FF7101EA801040EA0808A4F833
:109580000480A783A86820642684BDE8F0810021B8
:1095900001804180818081608181C181018241821D
:1095A00070472DE9F04104460F4615460026B046A7
:1095B0004D48844220D0B4F1804F1DD04B488442A6
:1095C0001AD04B48844217D04A48844214D04A48A3
:1095D000844211D04A4884420ED04A4884420BD07B
:1095E0004948844208D04948844205D048488442CA
:1095F00002D04848844200D104E04FF47D713F48D6
:10960000F6F7CEFD2FB1042F03D0082F01D00C2F79
:1096100000D104E040F2F5313848F6F7C1FD6DB1F4
:10962000102D0BD0202D09D0302D07D0602D05D066
:10963000702D03D0502D01D0402D00D104E040F218
:10964000F6312E48F6F7ACFD264618360120B84014
:109650001FFA80F8208C20EA080020840FB1082F20
:109660000AD106EB670630684FF68F71084030600C
:109670003068284330600FE0381FC0F34E000644C6
:10968000306848F6FF710840306030684FF6FF716F
:1096900001EA052108433060BDE8F08170B5044659
:1096A0000D461148844239D0B4F1804F36D00F486E
:1096B000844233D00E48844230D00E4884422DD0AC
:1096C0000D4884422AD00E48844227D00D48844257
:1096D00024D00D48844221D00C4884421ED00C482E
:1096E00084421BD00B4817E00000014000040040FA
:1096F00000080040000C00400004014058D1000860
:109700000040014000440140004801400018004072
:10971000001C004000200040844200D104E040F2E0
:109720001F41FB48F6F73CFD656370BD70B504460C
:109730000D46F848844214D0B4F1804F11D0F64859
:1097400084420ED0F54884420BD0F548844208D0BC
:10975000F448844205D0F448844202D0F34884425D
:1097600000D104E040F22F41E948F6F719FDA56366
:1097700070BD70B504460D46E64884420ED0B4F183
:10978000804F0BD0E448844208D0E448844205D09E
:10979000E348844202D0E348844200D104E040F22E
:1097A0003E41DB48F6F7FCFCE56370BD70B504464E
:1097B0000D46D84884420ED0B4F1804F0BD0D64825
:1097C000844208D0D548844205D0D548844202D08E
:1097D000D448844200D104E040F24D41CC48F6F731
:1097E000DFFC256470BD70B504460D460026C948EF
:1097F000844220D0B4F1804F1DD0C74884421AD093
:10980000C648844217D0C648844214D0C548844212
:1098100011D0C54884420ED0C54884420BD0C548FB
:10982000844208D0C148844205D0C348844202D053
:10983000C248844200D104E040F26141B448F6F7E6
:10984000AFFC502D01D0402D00D104E040F2624128
:10985000AF48F6F7A5FC268B4FF68F7006402E43D7
:10986000268370BD70B504460D460026A948844283
:1098700014D0B4F1804F11D0A74884420ED0A7482D
:1098800084420BD0A648844208D0A648844205D022
:10989000A548844202D0A548844200D104E040F2A9
:1098A0007E419B48F6F77CFC502D01D0402D00D125
:1098B00004E040F27F419648F6F772FC268B48F6AA
:1098C000FF7006404FF6FF7000EA0520064326832E
:1098D00070BD70B504460D4600268E4884420ED0F9
:1098E000B4F1804F0BD08C48844208D08B4884421E
:1098F00005D08B48844202D08A48844200D104E0DB
:1099000040F29A418248F6F74BFC502D01D0402D91
:1099100000D104E040F29B417D48F6F741FCA68B64
:109920004FF68F7006402E43A68370BD70B5044677
:109930000D460026774884420ED0B4F1804F0BD0FC
:109940007548844208D07548844205D074488442E2
:1099500002D07448844200D104E040F2B7416C4820
:10996000F6F71EFC502D01D0402D00D104E04FF43D
:1099700097616748F6F714FCA68B48F6FF7006401F
:109980004FF6FF7000EA05200643A68370BD70B550
:1099900004460D4600265F48844220D0B4F1804F33
:1099A0001DD05D4884421AD05C48844217D05C4880
:1099B000844214D05B48844211D05B4884420ED06C
:1099C0005B4884420BD05B48844208D057488442AD
:1099D00005D05948844202D05848844200D104E05E
:1099E00040F2D3414A48F6F7DBFB082D00D005B919
:1099F00004E040F2D4414648F6F7D2FB268B4FF6FE
:109A0000F77006402E43268370BD70B504460D46A0
:109A100000264048844214D0B4F1804F11D03E4813
:109A200084420ED03D4884420BD03D48844208D049
:109A30003C48844205D03C48844202D03B488442A2
:109A400000D104E040F2F1413148F6F7A9FB082DBE
:109A500000D005B904E040F2F2412D48F6F7A0FB32
:109A6000268B4FF2FF7006404FF6FF7000EA05208C
:109A70000643268370BD70B504460D460026254872
:109A800084420ED0B4F1804F0BD02348844208D0DA
:109A90002248844205D02248844202D02148844290
:109AA00000D104E040F20E511948F6F779FB082D79
:109AB00000D005B904E040F20F511548F6F770FBED
:109AC000A68B4FF6F77006402E43A68370BD70B587
:109AD00004460D4600260F4884420ED0B4F1804F54
:109AE0000BD00D48844208D00C48844205D00C4865
:109AF000844202D00B48844200D104E040F22B5152
:109B00000348F6F74DFB082D00D0CDB91DE000004D
:109B100058D1000800000140000400400008004047
:109B2000000C0040000401400040014000180040CB
:109B30000044014000480140001C0040002000405B
:109B400040F22C51FA48F6F72BFBA68B4FF2FF7030
:109B500006404FF6FF7000EA05200643A68370BD5D
:109B600070B504460D460026F248844220D0B4F178
:109B7000804F1DD0F04884421AD0F048844217D05C
:109B8000EF48844214D0EF48844211D0EE4884421A
:109B90000ED0EE4884420BD0ED48844208D0ED4808
:109BA000844205D0EC48844202D0EC48844200D183
:109BB00004E04FF4A961DE48F6F7F2FA042D00D074
:109BC00005B904E040F24951D948F6F7E9FA268B85
:109BD0004FF6FB7006402E43268370BD70B50446D9
:109BE0000D460026D348844214D0B4F1804F11D0E2
:109BF000D14884420ED0D14884420BD0D048844210
:109C000008D0D048844205D0CF48844202D0D14801
:109C1000844200D104E040F26751C548F6F7C0FA2B
:109C2000042D00D005B904E04FF4AD61C048F6F74B
:109C3000B7FA268B4FF6FF3006404FF6FF7000EA6A
:109C400005200643268370BD70B504460D460026E8
:109C5000B84884420ED0B4F1804F0BD0B64884424D
:109C600008D0B648844205D0B548844202D0B548F1
:109C7000844200D104E040F28551AD48F6F790FAF5
:109C8000042D00D005B904E040F28651A848F6F74B
:109C900087FAA68B4FF6FB7006402E43A68370BD55
:109CA00070B504460D460026A24884420ED0B4F199
:109CB000804F0BD0A048844208D0A048844205D0F1
:109CC0009F48844202D09F48844200D104E040F281
:109CD000A3519748F6F764FA042D00D005B904E0C3
:109CE00040F2A4519248F6F75BFAA68B4FF6FF308C
:109CF00006404FF6FF7000EA05200643A68370BDBC
:109D000070B504460D4600268A48844220D0B4F13E
:109D1000804F1DD0884884421AD08848844217D08A
:109D20008748844214D08748844211D086488442B0
:109D30000ED0864884420BD08548844208D085489E
:109D4000844205D08448844202D08448844200D1B1
:109D500004E040F2C1517648F6F722FA802D00D097
:109D600005B904E040F2C2517148F6F719FA268BA2
:109D70004FF67F7006402E43268370BD70B50446B3
:109D80000D4600266B48844214D0B4F1804F11D0A8
:109D9000694884420ED0694884420BD068488442A6
:109DA00008D06848844205D06748844202D0694898
:109DB000844200D104E040F2DF515D48F6F7F0F94B
:109DC000802D00D005B904E04FF4BC615848F6F787
:109DD000E7F9268BC6F30E064FF6FF7000EA052062
:109DE0000643268370BD70B504460D4600265148D3
:109DF00084420ED0B4F1804F0BD04F48844208D03B
:109E00004E48844205D04E48844202D04D48844298
:109E100000D104E040F2FC514548F6F7C1F9802D2D
:109E200000D005B904E040F2FD514148F6F7B8F919
:109E3000A68B4FF67F7006402E43A68370BD70B58B
:109E400004460D4600263B4884420ED0B4F1804FB4
:109E50000BD03948844208D03848844205D038486D
:109E6000844202D03748844200D104E040F21961B4
:109E70002F48F6F795F9802D00D005B904E040F29F
:109E80001A612B48F6F78CF9A68BC6F30E064FF62F
:109E9000FF7000EA05200643A68370BD70B5044636
:109EA0000D4600262348844220D0B4F1804F1DD0B7
:109EB000214884421AD02148844217D02048844245
:109EC00014D02048844211D01F4884420ED01F482D
:109ED00084420BD01E48844208D01E48844205D0DC
:109EE0001D48844202D01D48844200D104E040F263
:109EF00036610F48F6F754F90DB1022D00D104E098
:109F000040F237610A48F6F74BF9268C4FF6FD70A0
:109F100006402E43268470BD70B504460D460026CB
:109F20000448844202D00748844219D11DE0000051
:109F300058D1000800000140000400400008004023
:109F4000000C00400004014000400140004401407A
:109F50000048014000180040001C00400020004064
:109F60004FF4CA61FC48F6F71BF90DB1082D00D17A
:109F700004E040F25161F848F6F712F9268C4FF6EA
:109F8000F77006402E43268470BD70B504460D461A
:109F90000026F248844214D0B4F1804F11D0F0482A
:109FA00084420ED0EF4884420BD0EF48844208D060
:109FB000EE48844205D0EE48844202D0ED48844207
:109FC00000D104E040F26C61E348F6F7E9F80DB126
:109FD000022D00D104E040F26D61DF48F6F7E0F8B1
:109FE000268C4FF6DF7006404FF6FF7000EA051032
:109FF0000643268470BD70B504460D460026D7483A
:10A00000844202D0D948844200D104E040F2876102
:10A01000D148F6F7C5F80DB1082D00D104E04FF492
:10A02000D161CD48F6F7BCF8268C4FF67F7006401C
:10A030004FF6FF7000EA05100643268470BD70B528
:10A0400004460D460026C54884420ED0B4F1804F28
:10A050000BD0C348844208D0C248844205D0C248CD
:10A06000844202D0C148844200D104E040F2A2619F
:10A07000B948F6F795F80DB1022D00D104E040F291
:10A08000A361B548F6F78CF8268C4FF6FF500640D2
:10A090004FF6FF7000EA05200643268470BD70B5B8
:10A0A00004460D460026AD48844202D0AF488442A3
:10A0B00000D104E040F2BD61A748F6F771F80DB198
:10A0C000082D00D104E040F2BE61A348F6F768F81D
:10A0D000268C4FF2FF7006404FF6FF7000EA052015
:10A0E0000643268470BD70B504460D4600269B4885
:10A0F00084420ED0B4F1804F0BD09948844208D0EE
:10A100009848844205D09848844202D097488442B7
:10A1100000D104E04FF4DB618F48F6F741F80DB150
:10A12000022D00D104E040F2D9618B48F6F738F8EF
:10A13000268C4DF6FF7006404FF6FF7000EA0530A2
:10A140000643268470BD2DE9F04104460D461646AF
:10A1500000278248844220D0B4F1804F1DD080482F
:10A1600084421AD07F48844217D07F48844214D05A
:10A170007E48844211D07E4884420ED07E4884427C
:10A180000BD07E48844208D07A48844205D07C486F
:10A19000844202D07B48844200D104E040F2F7615F
:10A1A0006D48F5F7FDFF2DB1042D03D0082D01D02A
:10A1B0000C2D00D104E04FF4DF616748F5F7F0FFA4
:10A1C000012E00D006B904E040F2F9616248F5F7CB
:10A1D000E7FF0120A84087B2208CB8432084208C60
:10A1E00006FA05F189B208432084BDE8F0812DE923
:10A1F000F04104460D46164600275848844202D0D6
:10A200005A48844200D104E040F215715248F5F7F3
:10A21000C7FF1DB1042D01D0082D00D104E040F28C
:10A2200016714D48F5F7BCFF042E00D006B904E0C6
:10A2300040F217714848F5F7B3FF0420A84087B2F1
:10A24000208CB8432084208C06FA05F189B208439B
:10A250002084BDE8F08170B504460D463F48844235
:10A260000ED0B4F1804F0BD03D48844208D03D4819
:10A27000844205D03C48844202D03C48844200D10C
:10A2800004E040F671013448F5F78AFF2DB1042D42
:10A2900003D0082D01D00C2D00D104E040F672014E
:10A2A0002D48F5F77DFFA08B4FF2FF310840A083CA
:10A2B000A08B4FF6FF7101EA05210843A08370BD12
:10A2C000F0B50C461546002100220026078C4EF6FC
:10A2D000FF7C07EA0C070784818B028C4FF6FF771F
:10A2E00007EA043640F6FF4739404FF6FF7707EAA2
:10A2F000052739434FF6FF7707EA0337394345F619
:10A30000FF773A4046F480573A4381830284F0BD98
:10A3100070B504460D46114884420ED0B4F1804F0A
:10A320000BD00F48844208D00E48844205D00E4816
:10A33000844202D00D48844200D104E040F6590125
:10A340000548F5F72DFF2DB1042D03D0082D01D0C0
:10A350000C2D19D11DE0000058D10008000001406B
:10A360000004004000080040000C004000040140D0
:10A3700000400140001800400044014000480140F6
:10A38000001C00400020004040F65A01FE48F5F74E
:10A3900007FFA08B4FF6F3710840A083A08B2843E2
:10A3A000A08370BDF0B50C461546002100220026A2
:10A3B000078C4FF6FF6C07EA0C070784818B028C31
:10A3C0004FF6FF7707EA04264FF60C7739404FF631
:10A3D000FF7707EA03172F4339434FF2FF573A40FD
:10A3E00046F480773A4381830284F0BD70B5044619
:10A3F0000D46E648844214D0B4F1804F11D0E448B1
:10A4000084420ED0E34884420BD0E348844208D013
:10A41000E248844205D0E248844202D0E1488442C6
:10A4200000D104E040F64101D748F5F7B9FE2DB15F
:10A43000042D03D0082D01D00C2D00D104E040F6EE
:10A440004201D148F5F7ACFE208B4FF2FF310840B6
:10A450002083208B4FF6FF7101EA052108432083FA
:10A4600070BDF0B50C461546002100220026078C71
:10A470004FF6EF7C07EA0C070784018B028C4FF63E
:10A48000FF7707EA041640F6FF4739404FF6FF779B
:10A4900007EA033739434FF6FF7707EA05273943C1
:10A4A0004FF65F773A4046F010073A430183028443
:10A4B000F0BD70B504460D46B448844220D0B4F1D6
:10A4C000804F1DD0B24884421AD0B248844217D07F
:10A4D000B148844214D0B148844211D0B04884427B
:10A4E0000ED0B14884420BD0B048844208D0AD4869
:10A4F000844205D0AE48844202D0AE48844200D1A6
:10A5000004E040F62801A048F5F74AFE2DB1042DDD
:10A5100003D0082D01D00C2D00D104E040F6290114
:10A520009948F5F73DFE208B4FF6F37108402083E4
:10A53000208B2843208370BDF0B50C4615460021C2
:10A540000022068C4FF6FE773E400684018B028C7B
:10A550004FF60C7631407E1C06EA03162E4331433B
:10A560004FF6F576324044F001063243018302840F
:10A57000F0BD70B504460D468448844220D0B4F145
:10A58000804F1DD0824884421AD08248844217D01E
:10A590008148844214D08148844211D0804884424A
:10A5A0000ED0814884420BD08048844208D07D4838
:10A5B000844205D07E48844202D07E48844200D145
:10A5C00004E040F265717048F5F7EAFD688828B14B
:10A5D0006888022802D068880A2800D104E040F286
:10A5E00066716948F5F7DCFDA888012805D0A888C0
:10A5F000022802D0A888032800D104E040F2677145
:10A600006148F5F7CDFDE88840B1E888042805D019
:10A61000E888082802D0E8880C2800D104E04FF42C
:10A62000ED615948F5F7BCFD28890F2800DC04E0EE
:10A6300040F269715448F5F7B3FD288850B92B8969
:10A64000AA8869882046FFF777FFE9882046FFF748
:10A6500030FF73E02888042828D14C48844214D065
:10A66000B4F1804F11D04A4884420ED04948844208
:10A670000BD04948844208D04848844205D0484815
:10A68000844202D04748844200D104E040F277710E
:10A690003D48F5F785FD2B89AA8869882046FFF794
:10A6A000E0FEE9882046FFF7A1FE47E02888082859
:10A6B00022D1364884420ED0B4F1804F0BD03448BA
:10A6C000844208D03348844205D03348844202D0C3
:10A6D0003248844200D104E040F281712A48F5F703
:10A6E0005FFD2B89AA8869882046FFF75BFEE98811
:10A6F0002046FFF70DFE21E0244884420ED0B4F13D
:10A70000804F0BD02248844208D02248844205D092
:10A710002148844202D02148844200D104E040F222
:10A720008B711948F5F73CFD2B89AA88698820466A
:10A73000FFF7C6FDE9882046FFF78DFD70BD0021BB
:10A7400001804180012181800021C1800181704709
:10A750002DE9F04105460C46002601270B488542AD
:10A760002DD0B5F1804F2AD00948854227D009481D
:10A77000854224D00848854221D0084885421ED011
:10A78000074885421BD017E058D10008000001405F
:10A790000004004000080040000C0040000401409C
:10A7A00000400140001800400044014000480140C2
:10A7B000001C004000200040F848854200D104E021
:10A7C00040F2B371F648F5F7EBFC608808B9022651
:10A7D00000E00026A088012801D1022700E001271F
:10A7E0002088A0B92389A28861882846FFF7A4FEA3
:10A7F000E1882846FFF75DFE23893A463146284620
:10A80000FFF72FFEE1882846FFF7F0FD13E02389CC
:10A81000A28861882846FFF724FEE1882846FFF7D2
:10A82000E5FD23893A4631462846FFF785FEE18853
:10A830002846FFF73EFEBDE8F08110B50446D94832
:10A84000844220D0B4F1804F1DD0D74884421AD022
:10A85000D648844217D0D648844214D0D548844282
:10A8600011D0D54884420ED0D44884420BD0D4486D
:10A87000844208D0C948844205D0D248844202D0DC
:10A88000D148844200D104E040F2E971C448F5F7B0
:10A8900087FC606B10BD10B50446C248844214D0DA
:10A8A000B4F1804F11D0C04884420ED0BF488442DA
:10A8B0000BD0BF48844208D0BE48844205D0BE4871
:10A8C000844202D0B548844200D104E04FF4FF61D5
:10A8D000B348F5F765FCA06B10BD10B50446B14850
:10A8E00084420ED0B4F1804F0BD0AF48844208D0E0
:10A8F000AE48844205D0AE48844202D0AD4884427E
:10A9000000D104E040F60601A548F5F749FCE06BEC
:10A9100010BD10B50446A34884420ED0B4F1804F58
:10A920000BD0A148844208D0A048844205D0A0485A
:10A93000844202D09F48844200D104E040F61401D2
:10A940009748F5F72DFC206C10BD70B505460C46F8
:10A950009448854202D09748854200D104E040F6F1
:10A96000A6018F48F5F71CFC2088B0F5006F01D0D8
:10A97000208800B904E040F6A7018948F5F710FCEB
:10A980006088B0F5806F01D0608800B904E040F6BF
:10A99000A8018348F5F704FCA08858B1A088B0F559
:10A9A000807F07D0A088B0F5007F03D0A088B0F5E5
:10A9B000407F00D104E040F6A9017948F5F7F0FBAB
:10A9C0002089B0F5805F01D0208900B904E040F60D
:10A9D000AA017348F5F7E4FB608918B16089B0F506
:10A9E000005F00D104E040F6AB016D48F5F7D8FBFD
:10A9F000A089B0F5804F01D0A08900B904E040F6ED
:10AA0000AC016748F5F7CCFB208861880843A18832
:10AA10000843E18808432189084361890843A189E3
:10AA20000843A5F8440070BD002101804180818069
:10AA3000C180018141818181704770B504460D4616
:10AA40005848844202D05B48844200D104E040F67A
:10AA5000D2015348F5F7A4FB0DB1012D00D104E05C
:10AA600040F6D3014E48F5F79BFB35B1B4F84400EE
:10AA700040F40040A4F8440005E0B4F84400C0F3FA
:10AA80000E00A4F8440070BD70B504460D4645485C
:10AA9000844202D04748844200D104E040F6EB01F2
:10AAA0003F48F5F77DFB0DB1012D00D104E040F6E4
:10AAB000EC013B48F5F774FB25B1A08840F0040099
:10AAC000A08004E0A0884FF6FB710840A08070BD14
:10AAD00070B504460D463348844202D0354884425E
:10AAE00000D104E040F604112D48F5F759FB0DB1F3
:10AAF000012D00D104E040F605112948F5F750FB7F
:10AB000025B1A08840F00100A08004E0A0884FF6A5
:10AB1000FE710840A08070BD70B504460D46164613
:10AB20002048844226D0B4F1804F23D01E4884426E
:10AB300020D01E4884421DD01D4884421AD023488C
:10AB4000844217D02248844214D01A48844211D03B
:10AB5000194884420ED0194884420BD018488442C8
:10AB600008D00E48844205D01648844202D01648C8
:10AB7000844200D104E040F63D110948F5F710FB8E
:10AB800005F47F4008B905B104E040F63E110448E1
:10AB9000F5F706FB0EB1012E1CD120E00018004095
:10ABA00058D10008000001400004004000080040A7
:10ABB000000C0040000401400040014000440140FE
:10ABC00000480140001C00400020004000100040F0
:10ABD0000014004040F63F11F748F5F7E1FA1EB1C6
:10ABE000A0892843A08102E0A089A843A08170BD6C
:10ABF00070B504460D46F148844226D0B4F1804F2A
:10AC000023D0EF48844220D0EE4884421DD0EE4845
:10AC100084421AD0ED48844217D0ED48844214D0C3
:10AC2000EC48844211D0EC4884420ED0EB48844278
:10AC30000BD0EB48844208D0EA48844205D0EA4869
:10AC4000844202D0E948844200D104E040F6631116
:10AC5000D948F5F7A5FA05F47F4008B905B104E035
:10AC600040F66411D448F5F79BFAA58270BD70B523
:10AC700004460D460026D148844226D0B4F1804FC8
:10AC800023D0CF48844220D0CE4884421DD0CE4825
:10AC900084421AD0CD48844217D0CD48844214D083
:10ACA000CC48844211D0CC4884420ED0CB48844258
:10ACB0000BD0CB48844208D0CA48844205D0CA4849
:10ACC000844202D0C948844200D104E040F6851194
:10ACD000B948F5F765FA012D19D0022D17D0042DCA
:10ACE00015D0082D13D0102D11D0202D0FD0402DB0
:10ACF0000DD0802D0BD0B5F5007F08D0B5F5806F55
:10AD000005D0B5F5006F02D0B5F5805F00D104E045
:10AD100040F68611A848F5F743FA208A284008B182
:10AD2000012600E00026304670BD70B504460D4691
:10AD3000A248844226D0B4F1804F23D0A048844258
:10AD400020D0A04884421DD09F4884421AD09F48FA
:10AD5000844217D09E48844214D09E48844211D029
:10AD60009D4884420ED09D4884420BD09C4884422A
:10AD700008D09C48844205D09B48844202D09B481E
:10AD8000844200D104E040F6AE118B48F5F708FA92
:10AD9000E843208270BD2DE9F04104460D460026AF
:10ADA0000027B0468548844226D0B4F1804F23D096
:10ADB0008348844220D0834884421DD08248844204
:10ADC0001AD08248844217D08148844214D08148E6
:10ADD000844211D0804884420ED0804884420BD0F7
:10ADE0007F48844208D07F48844205D07E48844210
:10ADF00002D07E48844200D104E040F6CC116E4877
:10AE0000F5F7CEF9012D0DD0022D0BD0042D09D070
:10AE1000082D07D0102D05D0202D03D0402D01D0B6
:10AE2000802D00D104E040F6CD116348F5F7B8F964
:10AE3000208A00EA0507A08900EA050827B1B8F1D1
:10AE4000000F01D0012600E000263046BDE8F08169
:10AE500070B504460D465948844226D0B4F1804F5F
:10AE600023D05748844220D0564884421DD05648AB
:10AE700084421AD05548844217D05548844214D091
:10AE80005448844211D0544884420ED053488442DE
:10AE90000BD05348844208D05248844205D05248CF
:10AEA000844202D05148844200D104E040F6F311BC
:10AEB0004148F5F775F9E843208270BD70B5064644
:10AEC0000C4615463D4886420ED0B6F1804F0BD059
:10AED0003B48864208D03B48864205D03A488642E5
:10AEE00002D03C48864200D104E040F618213248A6
:10AEF000F5F756F92CB3012C23D0022C21D0032CCA
:10AF00001FD0042C1DD0052C1BD0062C19D0072CCB
:10AF100017D0082C15D0092C13D00A2C11D00B2CCB
:10AF20000FD00C2C0DD00D2C0BD00E2C09D00F2CCB
:10AF300007D0102C05D0112C03D0122C01D0132CCB
:10AF400000D104E040F619211B48F5F729F995B323
:10AF5000B5F5807F2FD0B5F5007F2CD0B5F5407FBB
:10AF600029D0B5F5806F26D0B5F5A06F23D0B5F503
:10AF7000C06F20D0B5F5E06F1DD0B5F5006F1AD0C9
:10AF8000B5F5106F17D0B5F5206F14D0B5F5306F4B
:10AF900011D0B5F5406F0ED0B5F5506F0BD0B5F5AB
:10AFA000606F08D0B5F5706F05D0B5F5805F02D041
:10AFB000B5F5885F1CD120E058D1000800000140A1
:10AFC0000004004000080040000C00400010004059
:10AFD00000140040000401400040014000440140D2
:10AFE0000048014000180040001C004000200040C4
:10AFF00040F61A21FA48F5F7D3F844EA0500A6F816
:10B00000480070BD70B504460D461646F5488442AA
:10B0100014D0B4F1804F11D0F34884420ED0F348DD
:10B0200084420BD0F248844208D0F248844205D0D2
:10B03000F148844202D0F148844200D104E040F655
:10B040003321E748F5F7ACF848F2FF00284008B98B
:10B0500005B104E040F63421E148F5F7A1F80EB15E
:10B06000012E00D104E040F63521DD48F5F798F8CF
:10B070001EB1A0892843A08102E0A089A843A08135
:10B0800070BD70B504460D46D64884420ED0B4F16A
:10B09000804F0BD0D448844208D0D448844205D095
:10B0A000D348844202D0D548844200D104E040F61F
:10B0B0004D21CB48F5F774F80DB1012D00D104E016
:10B0C00040F64E21C648F5F76BF825B1A08840F050
:10B0D0000800A08004E0A0884FF6F7710840A08027
:10B0E00070BD10B50446BF48844214D0B4F1804FFF
:10B0F00011D0BD4884420ED0BC4884420BD0BC481D
:10B10000844208D0BD48844205D0BD48844202D064
:10B11000BC48844200D104E040F67421B048F5F701
:10B120003FF820894FF6F8710840208110BD70B5B6
:10B1300004460D460026AB48844220D0B4F1804F2F
:10B140001DD0A94884421AD0A848844217D0A848E4
:10B15000844214D0A948844211D0A94884420ED018
:10B16000A94884420BD0A948844208D0A54884420B
:10B1700005D0A748844202D0A648844200D104E00A
:10B1800040F644319648F5F70BF86DB1102D0BD011
:10B19000202D09D0302D07D0402D05D0502D03D0C3
:10B1A000602D01D0702D00D104E040F645318C486F
:10B1B000F4F7F6FF26894FF68F7006402E4326815E
:10B1C00070BD70B504460D468648844214D0B4F173
:10B1D000804F11D0844884420ED0844884420BD0E2
:10B1E0008348844208D08548844205D084488442FC
:10B1F00002D08448844200D104E040F68921784896
:10B20000F4F7CEFF2DB1102D03D0202D01D0302D1D
:10B2100000D104E040F68A217148F4F7C1FF2946C5
:10B220002046FFF784FF208940F00700208170BD91
:10B230002DE9F04104460E4615461F4669488442F2
:10B2400020D0B4F1804F1DD0674884421AD067489F
:10B25000844217D06648844214D06848844211D092
:10B26000674884420ED0684884420BD067488442C5
:10B2700008D06448844205D06548844202D06548BD
:10B28000844200D104E040F6A8215548F4F788FF35
:10B290001DB1022D01D00A2D00D104E040F6A921F4
:10B2A0004F48F4F77DFF0F2F00DC04E040F6AA21A1
:10B2B0004B48F4F775FF602E06D13B460122294624
:10B2C0002046FFF7CEF805E03B46012229462046FE
:10B2D000FFF732F931462046FFF729FF208940F079
:10B2E00007002081BDE8F0812DE9F04104460D46BC
:10B2F00016461F464FF000083A4884420ED0B4F17B
:10B30000804F0BD03848844208D03848844205D05A
:10B310003748844202D03948844200D104E040F6E4
:10B32000BD312F48F4F73CFF45B1B5F5805F05D03E
:10B33000B5F5005F02D0B5F5405F00D104E040F6FE
:10B34000BE312748F4F72CFFB6F5004F00D006B900
:10B3500004E040F6BF312248F4F722FF0F2F00DC53
:10B3600004E04FF43C611E48F4F71AFFB4F808807B
:10B3700008F0FF084FF6FF7000EA0720304328432B
:10B3800040EA0808A4F80880BDE8F0812DE9F04102
:10B3900004460D46174698460026124884420ED0B1
:10B3A000B4F1804F0BD01048844208D00F4884423B
:10B3B00005D00F48844202D01048844200D104E0F6
:10B3C00040F6D2210648F4F7EBFE45B1B5F5805FB3
:10B3D00005D0B5F5005F02D0B5F5405F1CD120E087
:10B3E00058D100080000014000040040000800405F
:10B3F000000C004000100040001400400004014018
:10B400000040014000180040004401400048014055
:10B41000001C00400020004040F6D321FA48F4F719
:10B42000BFFEB7F5004F00D007B904E040F6D421C5
:10B43000F548F4F7B5FEB8F10F0F00DC04E040F674
:10B44000D521F148F4F7ACFE43463A46294620465A
:10B45000FFF74AFF26894FF6F870064046F00706C8
:10B460004FF68F70064046F070062681BDE8F081E9
:10B470002DE9F04104460D4616461F46E348844236
:10B480000ED0B4F1804F0BD0E148844208D0E1489F
:10B49000844205D0E048844202D0E048844200D192
:10B4A00004E040F6FF21D848F4F77AFE45B1B5F53F
:10B4B000805F05D0B5F5005F02D0B5F5405F00D1E3
:10B4C00004E04FF43061D048F4F76AFEB6F5004F5F
:10B4D00000D006B904E040F60131CB48F4F760FE35
:10B4E0000F2F00DC04E040F60231C748F4F758FEA5
:10B4F0003B46324629462046FFF7F6FE208940F4B7
:10B5000080402081BDE8F08170B504460D46BF48FB
:10B51000844214D0B4F1804F11D0BD4884420ED083
:10B52000BC4884420BD0BC48844208D0BC4884420A
:10B5300005D0BC48844202D0B848844200D104E01F
:10B5400040F66D31B048F4F72BFE6DB1102D0BD0E5
:10B55000202D09D0302D07D0402D05D0502D03D0FF
:10B56000602D01D0702D00D104E040F66E31A64868
:10B57000F4F716FEA0884FF68F710840A080A088CF
:10B580002843A08070BD70B504460D469F48844294
:10B5900014D0B4F1804F11D09D4884420ED09D4804
:10B5A00084420BD09C48844208D09C48844205D0F9
:10B5B0009D48844202D09D48844200D104E040F678
:10B5C00085319148F4F7ECFD042D05D0052D03D00D
:10B5D000062D01D0072D00D104E040F686318A48BF
:10B5E000F4F7DEFD20894FF6F871084020812089AC
:10B5F0002843208170BD70B504460D4683488442BF
:10B6000014D0B4F1804F11D0814884420ED08148CB
:10B6100084420BD08048844208D08048844205D0C0
:10B620008148844202D08148844200D104E040F63F
:10B630009C317548F4F7B4FD802D00D005B904E0C5
:10B6400040F69D317048F4F7ABFD20894FF67F71CD
:10B650000840208120892843208170BD2DE9F047D2
:10B6600004460D4616461F464FF00008C146C24626
:10B670006648844214D0B4F1804F11D064488442AB
:10B680000ED0644884420BD06348844208D063489B
:10B69000844205D06448844202D06448844200D188
:10B6A00004E040F6F9315848F4F77AFD012D03D053
:10B6B000022D01D0032D00D104E040F6FA315248AA
:10B6C000F4F76EFD1EB1022E01D00A2E00D104E067
:10B6D00040F6FB314C48F4F763FD1FB1022F01D057
:10B6E0000A2F00D104E040F6FC314748F4F758FD3A
:10B6F000B4F80880B4F81890B4F820A04FF6F870A9
:10B7000008EA000848EA05084FF6FC4009EA000983
:10B7100040F2011049EA00094FF6DD700AEA000A1A
:10B720004FF6FF7000EA0710304340EA0A0AA4F817
:10B730000880A4F81890A4F820A0BDE8F08770B5A0
:10B7400004460D463148844214D0B4F1804F11D0E4
:10B750002F4884420ED02F4884420BD02E4884427A
:10B7600008D02E48844205D02F48844202D02F486A
:10B77000844200D104E040F628412348F4F710FD4C
:10B780000DB1012D00D104E040F629411E48F4F727
:10B7900007FD25B1A08840F08000A08004E0A088CB
:10B7A0004FF67F710840A08070BD70B505460C460D
:10B7B000B5F1804F05D01848854202D01C4885421B
:10B7C00000D104E040F65B410F48F4F7E9FC94B186
:10B7D000B4F5806F0FD0B4F5006F0CD0B4F5406FA6
:10B7E00009D044B1402C06D0802C04D0C02C02D00B
:10B7F0000CB1022C00D104E040F65C410248F4F7A1
:10B80000CFFCA5F8504070BD58D1000800000140A1
:10B810000004004000080040000C0040000401400B
:10B82000001000400014004000400140001800409B
:10B830000048014010B50446F84884420ED0F8484C
:10B8400084420BD0F748844208D0F748844205D0A0
:10B85000F648844202D0F648844200D103E0B52184
:10B86000F448F4F79DFCED48844208D101211020F2
:10B87000FCF78EFD00211020FCF78AFD3EE0E84831
:10B88000844209D101214804FCF75BFD00214FF4FB
:10B890000030FCF756FD31E0E248844209D1012135
:10B8A0008804FCF74EFD00214FF48020FCF749FD91
:10B8B00024E0DD48844209D10121C804FCF741FDA0
:10B8C00000214FF40020FCF73CFD17E0D7488442EC
:10B8D00009D101210805FCF734FD00214FF4801047
:10B8E000FCF72FFD0AE0D248844207D10121202035
:10B8F000FCF74EFD00212020FCF74AFD10BD2DE98C
:10B90000FF4705460C460026B14600BFB046C34877
:10B9100085420ED0C24885420BD0C248854208D02D
:10B92000C148854205D0C148854202D0C048854201
:10B9300000D103E0EB21BF48F4F732FC206820B1CE
:10B94000BD492068884200D203E0EC21B948F4F7F1
:10B9500027FCA08818B1A088B0F5805F00D103E073
:10B96000ED21B448F4F71CFCE08858B1E088B0F54C
:10B97000805F07D0E088B0F5005F03D0E088B0F5C5
:10B98000405F00D103E0EE21AA48F4F709FC2089CA
:10B9900038B12089B0F5806F03D02089B0F5C06F31
:10B9A00000D103E0EF21A348F4F7FAFB60894FF6DA
:10B9B000F371084010B9608900B103E0F0219D489F
:10B9C000F4F7EEFBA08958B1A089B0F5807F07D0CD
:10B9D000A089B0F5007F03D0A089B0F5407F00D1E9
:10B9E00003E0F1219348F4F7DBFBA08980B18B4899
:10B9F000854208D08A48854205D08A48854202D0CF
:10BA00008B48854200D103E0F6218A48F4F7C8FB51
:10BA10002E8A26F44056E08806432E82AE8941F2F3
:10BA20000C608643A0882189084361890843064346
:10BA3000AE81AE8A26F44076A0890643AE8268467F
:10BA4000FCF7E5F97548854202D07948854202D174
:10BA5000DDF80C9001E0DDF80890A88900F40040C2
:10BA600040B109EBC90000EB091021684900B0FBA7
:10BA7000F1F707E009EBC90000EB09102168890024
:10BA8000B0FBF1F76420B7FBF0F006013009642148
:10BA900001FB1078A88900F4004040B1322000EB8F
:10BAA000C800B0FBF1F000F00700064308E03220C8
:10BAB00000EB08106421B0FBF1F000F00F0006432A
:10BAC0002E81BDE8FF874FF416510160002181806F
:10BAD000C18001810C21418100218181704770B5B5
:10BAE00005460C4600264D48854208D04C48854204
:10BAF00005D04C48854202D04D48854200D104E033
:10BB00004FF4B6714B48F4F74BFB208818B12088EE
:10BB1000B0F5006F00D104E040F26D114548F4F734
:10BB20003FFB608818B16088B0F5806F00D104E0F9
:10BB30004FF4B7713F48F4F733FBA08818B1A088E1
:10BB4000B0F5007F00D104E040F26F113948F4F7FE
:10BB500027FBE08818B1E088B0F5807F00D104E0D1
:10BB60004FF4B8713348F4F71BFB2E8A26F4706645
:10BB7000208861880843A1880843E1880843064378
:10BB80002E8270BD0021018041808180C18070477C
:10BB900070B504460D46214884420ED020488442A8
:10BBA0000BD02048844208D01F48844205D01F484B
:10BBB000844202D01E48844200D104E040F29B112E
:10BBC0001C48F4F7EDFA0DB1012D00D104E04FF45B
:10BBD000CE711848F4F7E4FA25B1A08940F400507A
:10BBE000A08104E0A0894DF6FF710840A08170BDDE
:10BBF00070B504460D46094884420ED00848844278
:10BC00000BD00848844208D00748844205D0074832
:10BC1000844202D00648844210D114E00010014052
:10BC20000044004000480040004C004000500040EC
:10BC300000140140ACD10008E170720040F2B5116F
:10BC4000FA48F4F7ADFA208B00F47F402083208B74
:10BC50002843208370BD70B504460D46F4488442E5
:10BC60000ED0F44884420BD0F348844208D0F34805
:10BC7000844205D0F248844202D0F248844200D186
:10BC800004E04FF4E571E948F4F78AFA0DB1012DAB
:10BC900000D104E040F2CB11E448F4F781FA25B179
:10BCA000A08940F40040A08103E0A089C0F30E0009
:10BCB000A08170BD70B504460D46DD4884420ED0AB
:10BCC000DC4884420BD0DC48844208D0DB48844204
:10BCD00005D0DB48844202D0DA48844200D104E037
:10BCE0004FF4F271D148F4F75BFA0DB1012D00D198
:10BCF00004E040F2E511CD48F4F752FA25B1A08AEC
:10BD000040F40060A08204E0A08A4FF2FF71084076
:10BD1000A08270BD70B504460D46C54884420ED061
:10BD2000C44884420BD0C448844208D0C3488442EB
:10BD300005D0C348844202D0C248844200D104E006
:10BD400040F21D21B948F4F72BFAB5F5007F00DA6F
:10BD500004E040F21E21B548F4F722FAC5F30800CA
:10BD6000A08070BD10B50446B14884420ED0B148E1
:10BD700084420BD0B048844208D0B048844205D0F9
:10BD8000AF48844202D0AF48844200D104E040F280
:10BD90002D21A648F4F704FAA088C0F3080010BDCE
:10BDA00070B504460D46A24884420ED0A148844294
:10BDB0000BD0A148844208D0A048844205D0A048B6
:10BDC000844202D09F48844200D104E04FF41871AD
:10BDD0009648F4F7E5F90F2D00DC04E040F261210C
:10BDE0009248F4F7DDF9208A4FF6F071084020827E
:10BDF000208A2843208270BD70B504460D468C48C9
:10BE000084420ED08B4884420BD08B48844208D0A9
:10BE10008A48844205D08A48844202D089488442B4
:10BE200000D104E04FF41D718048F4F7B9F90DB169
:10BE3000012D00D104E040F275217C48F4F7B0F9FF
:10BE400025B1A08940F00200A08104E0A0894FF64E
:10BE5000FD710840A08170BD70B504460D46744860
:10BE600084420ED0734884420BD07348844208D079
:10BE70007248844205D07248844202D0714884429C
:10BE800000D104E040F28F216848F4F789F915B138
:10BE9000B5F5006F00D104E04FF424716348F4F766
:10BEA0007FF9A0894FF2FF710840A081A089284343
:10BEB000A08170BD70B504460D465D4884420ED029
:10BEC0005C4884420BD05C48844208D05B48844282
:10BED00005D05B48844202D05A48844200D104E035
:10BEE0004FF435715148F4F75BF90DB1202D00D1B5
:10BEF00004E040F2D5214D48F4F752F9208A4FF67C
:10BF0000DF7108402082208A2843208270BD70B5EE
:10BF100004460D46464884420ED0464884420BD023
:10BF20004548844208D04548844205D0444884426C
:10BF300002D04448844200D104E040F2E6213B486C
:10BF4000F4F72EF90DB1012D00D104E040F2E72104
:10BF50003648F4F725F925B1208A40F48040208244
:10BF600004E0208A4BF6FF710840208270BD10B5B6
:10BF700004462F4884420ED02E4884420BD02E48CF
:10BF8000844208D02D48844205D02D48844202D0F6
:10BF90002C48844200D104E040F2FE212348F4F70B
:10BFA000FFF8A08940F00100A08110BD70B50446E3
:10BFB0000D461F4884420ED01E4884420BD01E48B6
:10BFC000844208D01D48844205D01D48844202D0D6
:10BFD0001C48844200D104E040F233311348F4F7A6
:10BFE000DFF80DB1012D00D104E04FF44D710F4881
:10BFF000F4F7D6F825B1A08A40F00800A08204E04A
:10C00000A08A4FF6F7710840A08270BD70B5044653
:10C010000D460748844208D00648844205D00648A9
:10C02000844202D0074884420ED112E0ACD100080D
:10C03000001001400044004000480040004C004017
:10C0400000500040001401404FF46271FE48F4F7C4
:10C05000A7F8208BC0B22083208B40EA05202083E4
:10C0600070BD70B504460D46F848844208D0F848C3
:10C07000844205D0F748844202D0F748844200D178
:10C0800004E040F29B31F048F4F78AF80DB1012D3D
:10C0900000D104E04FF46771EB48F4F781F825B163
:10C0A000A08A40F02000A08204E0A08A4FF6DF7151
:10C0B0000840A08270BD70B504460D46E348844236
:10C0C00008D0E348844205D0E248844202D0E248E6
:10C0D000844200D104E04FF46D71DB48F4F760F85E
:10C0E0000DB1012D00D104E040F2B531D648F4F78E
:10C0F00057F825B1A08A40F01000A08204E0A08A81
:10C100004FF6EF710840A08270BD70B504460D4631
:10C11000CE4884420ED0CE4884420BD0CD488442D3
:10C1200008D0CE48844205D0CD48844202D0CA48C7
:10C13000844200D104E040F2FB31C348F4F730F808
:10C14000042D00D005B904E04FF47F71BE48F4F728
:10C1500027F8A08A4FF6FB710840A082A08A2843E6
:10C16000A08270BD70B504460D46B84884420ED01A
:10C17000B74884420BD0B748844208D0B7488442BD
:10C1800005D0B748844202D0B348844200D104E0CD
:10C1900040F20D41AC48F4F703F80DB1012D00D188
:10C1A00004E040F20E41A848F3F7FAFF25B1A08A57
:10C1B00040F00200A08204E0A08A4FF6FD71084022
:10C1C000A08270BD70B504460D4616469F48844255
:10C1D0000ED09F4884420BD09E48844208D09F488E
:10C1E000844205D09E48844202D09B48844200D1BC
:10C1F00004E040F23B419448F3F7D2FF4FF63F7022
:10C20000284008B905B104E040F23C418E48F3F7FC
:10C21000C7FF0EB1012E00D104E040F23D418A4833
:10C22000F3F7BEFF1EB1A08A2843A08202E0A08AD5
:10C23000A843A08270BD2DE9F04704460D4617467D
:10C240004FF00008C246C1460026804884420ED006
:10C250007F4884420BD07F48844208D07F48844284
:10C2600005D07F48844202D07B48844200D104E05C
:10C2700040F2BD417448F3F793FF282D19D040F2E6
:10C280002770854215D040F22660854211D040F2D9
:10C29000255085420DD040F22440854209D040F619
:10C2A0004600854205D040F66A10854201D0602DD7
:10C2B00000D104E040F2BE416348F3F771FF0FB1D3
:10C2C000012F00D104E040F2BF415F48F3F768FF5F
:10C2D00040F66A10854211D15C48844208D05C481F
:10C2E000844205D05B48844202D05B48844200D13E
:10C2F00004E040F2C4415448F3F752FF2646C5F328
:10C30000421805F01F0A012000FA0AF9B8F1010FDE
:10C3100001D10C3605E0B8F1020F01D1103600E072
:10C32000143627B1306840EA0900306003E0306815
:10C3300020EA09003060BDE8F08770B505460C467C
:10C340000026424885420ED0414885420BD04148E4
:10C35000854208D04148854205D04148854202D0F7
:10C360003D48854200D104E040F2FC413648F3F7F5
:10C3700017FF012C13D0802C11D0402C0FD0202C73
:10C380000DD0102C0BD0B4F5807F08D0B4F5007F11
:10C3900005D0082C03D0042C01D0022C00D104E0DD
:10C3A00040F2FD412848F3F7FBFEB4F5007F11D1C0
:10C3B0002648854208D02648854205D02548854232
:10C3C00002D02548854200D104E040F202511E48C7
:10C3D000F3F7E6FE2888204008B1012600E0002699
:10C3E000304670BD70B504460D46184884420ED0E4
:10C3F000174884420BD01748844208D0174884421B
:10C4000005D01748844202D01348844200D104E08A
:10C4100040F22C510C48F3F7C3FE4FF69F402840E2
:10C4200008B905B104E040F22D510748F3F7B8FE12
:10C4300005F40070B0F5007F20D10448844217D085
:10C440000348844214D00DE0ACD100080010014034
:10C45000004400400048004000140140004C0040EF
:10C46000005000407548844202D07548844200D193
:10C4700004E040F232517348F3F792FEE843208023
:10C4800070BD2DE9F04705460C4600270026B04652
:10C49000B1466D4885420ED06C4885420BD0674846
:10C4A000854208D06A48854205D06A48854202D054
:10C4B0006348854200D104E04FF4AA616148F3F774
:10C4C0006FFE282C27D040F22770844223D040F200
:10C4D000266084421FD040F2255084421BD040F297
:10C4E0002440844217D040F64600844213D040F6E0
:10C4F0006A1084420FD0B4F5587F0CD040F225303A
:10C50000844208D0B4F5587F05D0B4F5187F02D026
:10C51000B4F5B07F00D104E040F251514948F3F73F
:10C520003FFE40F66A10844211D14748854208D048
:10C530004648854205D04148854202D04048854260
:10C5400000D104E040F256513E48F3F729FEC4F30F
:10C55000421804F01F06012000FA06F6B8F1010F98
:10C5600002D1A889064007E0B8F1020F02D1288A5B
:10C57000064001E0A88A06402712012000FA07F7CA
:10C58000288807401EB117B14FF0010901E04FF0B4
:10C5900000094846BDE8F0872DE9F04104460D4604
:10C5A00000260027284884420ED0284884420BD019
:10C5B0002248844208D02648844205D02548844237
:10C5C00002D01F48844200D104E040F299511D4836
:10C5D000F3F7E6FD40F2266085420BD040F225508D
:10C5E000854207D040F64600854203D040F66A10E7
:10C5F000854200D104E040F29A511248F3F7D0FD91
:10C6000040F66A10854211D10F48844208D00F4885
:10C61000844205D00948844202D00948844200D1AE
:10C6200004E040F29F510748F3F7BAFD2E120120B3
:10C63000B04087B2F8432080BDE8F0810048004058
:10C6400000140140ACD1000800100140004400403B
:10C65000004C0040005000402DE9FE4F804681EA2A
:10C660000300C00F0C46009021F0004123F000456C
:10C67000B8EB0200A94105D24046214690461C462F
:10C680000B46024623F00040104347D0270DC7F366
:10C690000A00C3F30A510290401A019040286BDA55
:10C6A000C3F3130040F4801B0098924620B100238E
:10C6B000D2EB030A63EB0B0B01985946C0F1400221
:10C6C000504600F03FF906460D4650465946019A3D
:10C6D00000F047F910EB08006141002487EA11528D
:10C6E00084EAE7731A4340D0009A62B3019A012AA0
:10C6F0004FEA075215DC001B61EB02014FF00042CC
:10C7000002EA0752CDE90042001C41F58011324691
:10C710002B4600F07EF903B0BDE8F08F404621467D
:10C72000F9E7001B61EB0201001C41F580130018C2
:10C730005B412018A2F5001747EB030140EAD570D2
:10C74000B6196D4111E06D084FEA360645EAC0752D
:10C750004FEA0752001B61EB0201001C41F58011FA
:10C7600049084FEA30000019514132462B4603B0C8
:10C77000BDE8F04F00F03EB90098012240000023D0
:10C78000D0EB020263EBE073009821464FEAE074BD
:10C79000B8EB000061EB0401E9E783F000435BE7DD
:10C7A00081F0004158E72DE9FE4F81EA030404F0CF
:10C7B000004421F0004100944FF0000B23F00043AF
:10C7C00050EA01045ED052EA03045BD0C3F30A547A
:10C7D000C1F30A552C44A4F2F3340194A0FB025493
:10C7E000C1F3130141F48011C3F3130343F4801325
:10C7F00001FB024400FB034E840A970A44EA815479
:10C8000047EA8357A4FB076802958D0A05FB078555
:10C810004FEA932C04FB0C542705029D4FEA06585F
:10C8200047EA1637B5EB08056EEB070C870E920E3C
:10C8300047EA811742EA8312A7FB0201B6EB0B011C
:10C8400064EB00042B0D43EA0C335E1844EB1C50E0
:10C85000DA465146E7FB0201C5F313044FEA0B33F6
:10C8600043EA14534FEA0432019C43EA0603A4F15D
:10C870000C040294009CCDE900B400F0CAF803B0A7
:10C88000BDE8F08F00200146F9E70EB5C10F80EA40
:10C89000E0700844CA07002140F233438DE80E00DF
:10C8A0000A460B4600F0B5F803B000BD30B5041ED3
:10C8B00071F1000404DB4FF00044404264EB0101DD
:10C8C000141E73F1000405DB1C464FF00043524276
:10C8D00063EB04038B4208BF824230BD30B5041EB7
:10C8E00071F1000404DB4FF00044404264EB0101AD
:10C8F000141E73F1000405DB1C464FF00043524246
:10C9000063EB0403994208BF904230BD01F000433D
:10C9100030B421F0004150EA010206D00A0DA2F520
:10C920006072C1F31301002A02DC30BC00207047A2
:10C93000440F44EAC104C100E01830BC00EBC2500F
:10C9400000F021B8202A04DB203A00FA02F100208E
:10C9500070479140C2F1200320FA03F3194390403D
:10C960007047202A06DBCB17203A41FA02F043EA4F
:10C97000E07306E041FA02F3D040C2F12002914098
:10C980000843194670470029A8BF7047401C49005A
:10C9900008BF20F00100704710B4B0FA80FC00FA24
:10C9A0000CF050EA010404BF10BC704749B1CCF14F
:10C9B000200421FA04F411FA0CF118BF01212143DB
:10C9C0000843A3EB0C01CB1D4FEA00614FEA102096
:10C9D00042BF002010BC704700EBC3501044002938
:10C9E000A4BF10BC7047401C490008BF20F00100E4
:10C9F00010BC704710B5141E73F1000408DA401C17
:10CA000041F1000192185B411A4301D120F001006D
:10CA100010BD2DE9F04D92469B4611B1B1FA81F25D
:10CA200002E0B0FA80F220329046FFF78BFF044616
:10CA30000F4640EA0A0041EA0B0153465A460843B2
:10CA400013D0114653EA010019D0C8F140025046F4
:10CA500000F040F805460E46504659464246FFF75C
:10CA600071FF084305D0012004E020463946BDE8A7
:10CA7000F08D0020054346EAE0762C4337430A98C0
:10CA80006305E40AA0EB08000022FD0A44EA4754CB
:10CA90000A3002D500200146E9E701051019694175
:10CAA000DDE9084500196941BDE8F04DA2E7000045
:10CAB000064C074D06E0E06840F0010394E80700EB
:10CAC00098471034AC42F6D3F3F762FB00D200086B
:10CAD00020D20008202A04DB203A21FA02F00021AB
:10CAE000704721FA02F3D040C2F12002914008437E
:10CAF0001946704770B58C1810F8015B15F00703E4
:10CB000001D110F8013B2A1106D110F8012B03E0E6
:10CB100010F8016B01F8016B5B1EF9D12B0705D4EE
:10CB20000023521E0DD401F8013BFAE710F8013B37
:10CB3000CB1A921C03E013F8015B01F8015B521E53
:10CB4000F9D5A142D8D3002070BD02E008C8121F59
:10CB500008C1002AFAD170477047002001E001C1E6
:10CB6000121F002AFBD17047000000005680803B56
:10CB7000D37F003C77BE403CCF7D803C5B9BA03C9C
:10CB8000A6B7C03C6ED2E03CB775003D3581103D84
:10CB9000918B203DAB94303D609C403D92A2503D36
:10CBA00025A7603DF1A9703D6F55803DE354883D58
:10CBB0004753903D8C50983D9F4CA03D7247A83DF7
:10CBC000F740B03D1B39B83DD22FC03D0C25C83DC4
:10CBD000B218D03DC60AD83D2DFBDF3DD9E9E73D6F
:10CBE000B0D6EF3DBEC1F73DDBAAFF3D04C9033E11
:10CBF00095BB073E20AD0B3E979D0F3EF58C133E37
:10CC0000397B173E56681B3E3E541F3EF83E233E7E
:10CC10007728273EB4102B3EA1F72E3E45DD323E4D
:10CC200093C1363E7DA43A3E0A863E3E2766423E8A
:10CC3000D844463E12224A3EC7FD4D3EFED7513EE5
:10CC4000AFB0553EC687593E4B5D5D3E3731613EC4
:10CC50007C03653E1AD4683E0AA36C3E4770703E62
:10CC6000C83B743E8805783E86CD7B3EB5937F3EBB
:10CC70000EAC813E538D833EAE6D853E164D873E94
:10CC80008D2B893E0F098B3E99E58C3E2BC18E3E44
:10CC9000C19B903E5475923EE94D943E7B25963E55
:10CCA00007FC973E8BD1993E02A69B3E6F799D3E35
:10CCB000CD4B9F3E1C1DA13E57EDA23E7FBCA43E26
:10CCC0008D8AA63E8457A83E6223AA3E23EEAB3E41
:10CCD000C2B7AD3E4580AF3EA447B13EE20DB33E84
:10CCE000F9D2B43EE996B63EB159B83E4F1BBA3EB2
:10CCF000C2DBBB3E079BBD3E1E59BF3E0416C13E74
:10CD0000BCD1C23E3F8CC43E8E45C63EA4FDC73E4C
:10CD100089B4C93E336ACB3EA41ECD3EDAD1CE3EA5
:10CD2000D583D03E9434D23E18E4D33E5A92D53EB9
:10CD3000603FD73E21EBD83EA395DA3EE33EDC3E92
:10CD4000E1E6DD3E9A8DDF3E0D33E13E3AD7E23E2D
:10CD5000227AE43EC51BE63E1BBCE73E2F5BE93E64
:10CD6000F7F8EA3E7695EC3EA930EE3E93CAEF3EE8
:10CD70003563F13E86FAF23E8F90F43E4925F63E49
:10CD8000B9B8F73EDA4AF93EAFDBFA3E386BFC3E03
:10CD900071F9FD3E5A86FF3EFC88003F234E013F5D
:10CDA000A212023F7BD6023FAC99033F365C043FA0
:10CDB000171E053F51DF053FE39F063FCE5F073F4C
:10CDC000121F083FADDD083FA29B093FEF580A3F05
:10CDD00094150B3F93D10B3FE98C0C3F9A470D3FC5
:10CDE000A2010E3F03BB0E3FBF730F3FD32B103F7B
:10CDF00041E3103F089A113F2A50123FA405133F08
:10CE000079BA133FA86E143F3322153F18D5153F4A
:10CE10005787163FF138173FE7E9173F389A183F11
:10CE2000E749193FEFF8193F55A71A3F18551B3F1F
:10CE300037021C3FB3AE1C3F8E5A1D3FC4051E3F38
:10CE40005AB01E3F4E5A1F3FA103203F52AC203F15
:10CE50006354213FD3FB213FA4A2223FD548233F67
:10CE600067EE233F5A93243FAD37253F63DB253FD1
:10CE70007A7E263FF420273FD2C2273F1364283F03
:10CE8000B704293FBFA4293F2C442A3FFEE22A3F92
:10CE900033812B3FD11E2C3FD2BB2C3F3C582D3F22
:10CEA0000CF42D3F438F2E3FE1292F3FE9C32F3F45
:10CEB000595D303F33F6303F758E313F2126323F8A
:10CEC00039BD323FBB53333FA9E9333F027F343F83
:10CED000C713353FF9A7353F993B363FA6CE363FBE
:10CEE0002161373F0BF3373F6484383F2E15393FBC
:10CEF00065A5393F0F353A3F2AC43A3FB4523B3F0C
:10CF0000B3E03B3F226E3C3F06FB3C3F5D873D3F2D
:10CF100026133E3F679E3E3F1A293F3F44B33F3FA3
:10CF2000E43C403FF9C5403F864E413F89D6413FF2
:10CF3000065E423FFAE4423F676B433F4FF1433F97
:10CF4000B076443F8CFB443FE27F453FB403463F0D
:10CF50000187463FCB09473F138C473FD70D483FDA
:10CF6000198F483FDD0F493FDD0F493F2E2E5C44AE
:10CF70007269766572734D63755C53544D333246F6
:10CF80003430375C4C69627261726965735C53540A
:10CF90004D3332463478785F5374645065726970EB
:10CFA000685F4472697665725C7372635C6D697305
:10CFB000632E63002E2E5C447269766572734D6336
:10CFC000755C53544D3332463430375C4C69627271
:10CFD00061726965735C53544D3332463478785FBF
:10CFE0005374645065726970685F447269766572E3
:10CFF0005C7372635C73746D3332663478785F612E
:10D0000064632E63000000002E2E5C447269766516
:10D0100072734D63755C53544D3332463430375C14
:10D020004C69627261726965735C53544D33324668
:10D030003478785F5374645065726970685F4472C5
:10D04000697665725C7372635C73746D33326634D7
:10D0500078785F646D612E63000000002E2E5C44C2
:10D060007269766572734D63755C53544D33324605
:10D070003430375C4C69627261726965735C535419
:10D080004D3332463478785F5374645065726970FA
:10D09000685F4472697665725C7372635C73746D09
:10D0A0003332663478785F657874692E63000000E7
:10D0B0002E2E5C447269766572734D63755C5354B1
:10D0C0004D3332463430375C4C6962726172696547
:10D0D000735C53544D3332463478785F53746450E4
:10D0E00065726970685F4472697665725C737263B9
:10D0F0005C73746D3332663478785F6770696F2E55
:10D10000630000002E2E5C447269766572734D6375
:10D11000755C53544D3332463430375C4C6962721F
:10D1200061726965735C53544D3332463478785F6D
:10D130005374645065726970685F44726976657291
:10D140005C7372635C73746D3332663478785F72CB
:10D1500063632E63000000002E2E5C4472697665C6
:10D1600072734D63755C53544D3332463430375CC3
:10D170004C69627261726965735C53544D33324617
:10D180003478785F5374645065726970685F447274
:10D19000697665725C7372635C73746D3332663486
:10D1A00078785F74696D2E63000000002E2E5C4459
:10D1B0007269766572734D63755C53544D333246B4
:10D1C0003430375C4C69627261726965735C5354C8
:10D1D0004D3332463478785F5374645065726970A9
:10D1E000685F4472697665725C7372635C73746DB8
:10D1F0003332663478785F75736172742E63000021
:10D2000020D2000800000020DC010000F4CA000861
:10D21000D4D20008DC0100209C1800005ACB000882
:10D2200013B5016408E8031AB70C63F4011AB90CCA
:10D2300072C81ABB0C72641ABD0C72321AC50C7219
:10D24000141AC70C920243803FE5CDCC4C3E5A01E4
:10D250005E015016B56206080612641A01024B7A86
:10D26000120E3AC80E1BDE6A0E13071414400D038B
:10D270001BA0861219825A34F01BD1CA1C111A1431
:10D28000262133D0082AC23249A31BB8421C5309B5
:10D290000D63FFFF1C031DAB151301031301025B9C
:10D2A0000D460B12065B114E0B12125B1D660B1224
:10D2B000215B2C840B12045B0F4A0B0548070113FA
:10D2C00051847A030A680901020304060708090C5D
:04D2D00069100000E1
:040000050800018965
:00000001FF
